loc_rowid,pl_hostname,pl_pnum,pl_orbper,pl_radj
78,CoRoT-24,2,5.11340000,0.330
79,CoRoT-24,2,11.75900000,0.440
98,EPIC 220674823,2,0.57133600,0.162
99,EPIC 220674823,2,13.33870000,0.247
158,GJ 9827,3,1.20895700,0.156
159,GJ 9827,3,3.64802000,0.121
160,GJ 9827,3,6.20141000,0.187
288,HD 106315,2,9.55385000,0.214
289,HD 106315,2,21.05800000,0.393
528,HD 219134,6,3.09292600,0.143
529,HD 219134,6,6.76458000,0.135
530,HD 219134,6,46.85900000,0.144
531,HD 219134,6,22.71700000,0.117
580,HD 3167,3,0.95964100,0.152
581,HD 3167,3,29.84540000,0.269
741,HIP 41378,5,15.57120000,0.259
742,HIP 41378,5,31.69780000,0.228
743,HIP 41378,5,156.00000000,0.353
744,HIP 41378,5,131.00000000,0.492
745,HIP 41378,5,324.00000000,0.910
789,K2-117,2,1.29150500,0.175
790,K2-117,2,5.44482000,0.181
808,K2-133,3,3.07120000,0.117
809,K2-133,3,4.86820000,0.132
810,K2-133,3,11.02340000,0.180
811,K2-136,3,7.97529200,0.088
812,K2-136,3,17.30713700,0.260
813,K2-136,3,25.57506500,0.129
815,K2-138,5,2.35322000,0.140
816,K2-138,5,3.55987000,0.225
817,K2-138,5,5.40478000,0.237
818,K2-138,5,8.26144000,0.294
819,K2-138,5,12.75759000,0.251
823,K2-141,2,0.28032440,0.135
824,K2-141,2,7.74850000,0.624
827,K2-148,3,4.38395000,0.119
828,K2-148,3,6.92260000,0.154
829,K2-148,3,9.75790000,0.146
836,K2-154,2,3.67635000,0.199
837,K2-154,2,7.95478000,0.187
838,K2-155,3,6.34365000,0.138
839,K2-155,3,13.85402000,0.174
840,K2-155,3,40.68350000,0.146
845,K2-16,2,7.61880000,0.180
846,K2-16,2,19.07863000,0.227
852,K2-165,3,2.35499200,0.114
853,K2-165,3,4.38274500,0.139
854,K2-165,3,14.10136100,0.236
860,K2-170,2,7.57654400,0.127
861,K2-170,2,12.40004700,0.161
863,K2-172,2,14.31694100,0.149
864,K2-172,2,29.62682000,0.286
877,K2-183,3,0.46926900,0.232
878,K2-183,3,10.79347100,0.224
879,K2-183,3,22.62949600,0.227
883,K2-187,4,0.77398100,0.123
884,K2-187,4,2.87178800,0.152
885,K2-187,4,7.14907900,0.287
886,K2-187,4,13.60834100,0.201
887,K2-188,2,1.74298300,0.112
888,K2-188,2,7.80759500,0.234
889,K2-189,2,5.17630000,0.135
890,K2-189,2,6.67934000,0.222
891,K2-19,3,7.91940000,0.691
892,K2-19,3,11.90715000,0.434
893,K2-19,3,2.50856000,0.102
894,K2-190,2,10.09885800,0.121
895,K2-190,2,21.57402300,0.098
900,K2-195,2,15.85354300,0.262
901,K2-195,2,28.48278600,0.230
905,K2-199,2,3.22542300,0.168
906,K2-199,2,7.37449700,0.253
908,K2-201,2,1.05979000,0.125
909,K2-201,2,22.77987800,0.293
918,K2-21,2,9.32503800,0.164
919,K2-21,2,15.50192000,0.222
929,K2-219,3,3.90128700,0.120
930,K2-219,3,6.66767000,0.128
931,K2-219,3,11.13727800,0.230
936,K2-223,2,0.50557000,0.081
937,K2-223,2,4.56416900,0.144
943,K2-229,2,0.58424900,0.104
944,K2-229,2,8.32834000,0.189
948,K2-24,2,20.88508000,0.520
949,K2-24,2,42.36342000,0.723
955,K2-3,3,10.05449000,0.194
956,K2-3,3,24.64354000,0.165
957,K2-3,3,44.55983000,0.135
960,K2-32,3,8.99213000,0.458
961,K2-32,3,20.66020000,0.269
962,K2-32,3,31.71540000,0.306
965,K2-35,2,5.60835200,0.172
966,K2-35,2,2.39996400,0.118
967,K2-36,2,1.42266000,0.118
968,K2-36,2,5.34059000,0.250
969,K2-37,3,4.44117000,0.144
970,K2-37,3,6.42904000,0.245
971,K2-37,3,14.09189000,0.244
972,K2-38,2,4.01593000,0.138
973,K2-38,2,10.56103000,0.216
984,K2-5,2,5.73594000,0.170
985,K2-5,2,10.93241000,0.202
992,K2-58,3,7.05254000,0.239
993,K2-58,3,2.53726000,0.145
994,K2-58,3,22.88270000,0.153
995,K2-59,2,20.69210000,0.215
996,K2-59,2,11.29540000,0.205
1000,K2-62,2,6.67202000,0.191
1001,K2-62,2,16.19660000,0.191
1011,K2-72,4,5.57721200,0.096
1012,K2-72,4,15.18903400,0.103
1013,K2-72,4,7.76017800,0.090
1014,K2-72,4,24.15886800,0.115
1017,K2-75,2,7.81420000,0.238
1018,K2-75,2,18.31100000,0.247
1021,K2-8,2,10.35239000,0.319
1022,K2-8,2,5.06416000,0.215
1023,K2-80,3,28.86725300,0.228
1024,K2-80,3,19.09180000,0.179
1025,K2-80,3,5.60500000,0.131
1027,K2-83,2,2.74697000,0.111
1028,K2-83,2,9.99767000,0.132
1029,K2-84,2,6.42150000,0.215
1030,K2-84,2,27.86000000,0.181
1037,K2-90,2,13.73490700,0.226
1038,K2-90,2,2.90070600,0.116
1072,KOI-7892,2,31.80990000,0.366
1073,KOI-7892,2,75.20000000,0.214
1081,KOI-351,8,7.00815100,0.117
1082,KOI-351,8,8.71937500,0.106
1083,KOI-351,8,59.73667000,0.256
1084,KOI-351,8,91.93913000,0.237
1085,KOI-351,8,124.91440000,0.257
1086,KOI-351,8,210.60697000,0.723
1087,KOI-351,8,331.60059000,1.008
1088,KOI-351,8,14.44912000,0.118
1089,KOI-55,2,0.24010400,0.068
1090,KOI-55,2,0.34288700,0.077
1091,KOI-94,4,3.74320800,0.153
1092,KOI-94,4,10.42364800,0.385
1093,KOI-94,4,22.34298900,1.005
1094,KOI-94,4,54.32031000,0.585
1096,Kepler-10,2,0.83749100,0.132
1097,Kepler-10,2,45.29430100,0.210
1098,Kepler-100,3,6.88705000,0.118
1099,Kepler-100,3,12.81590000,0.196
1100,Kepler-100,3,35.33310000,0.144
1111,Kepler-101,2,3.48768120,0.510
1112,Kepler-101,2,6.02976000,0.112
1119,Kepler-1016,2,1.95452434,0.194
1120,Kepler-1016,2,105.65513690,0.328
1124,Kepler-102,5,5.28696000,0.042
1125,Kepler-102,5,7.07142000,0.052
1126,Kepler-102,5,10.31170000,0.105
1127,Kepler-102,5,16.14570000,0.198
1128,Kepler-102,5,27.45360000,0.079
1139,Kepler-103,2,15.96540000,0.301
1140,Kepler-103,2,179.61200000,0.459
1151,Kepler-104,3,11.42754800,0.277
1152,Kepler-104,3,23.66820500,0.279
1153,Kepler-104,3,51.75539400,0.319
1161,Kepler-1047,2,56.18868870,0.186
1162,Kepler-1047,2,3.18897601,0.088
1165,Kepler-105,2,5.41220000,0.429
1166,Kepler-105,2,7.12620000,0.117
1167,Kepler-1050,2,15.37875460,0.143
1168,Kepler-1050,2,21.12845690,0.132
1178,Kepler-106,4,6.16486000,0.073
1179,Kepler-106,4,13.57080000,0.223
1180,Kepler-106,4,23.98020000,0.085
1181,Kepler-106,4,43.84450000,0.228
1187,Kepler-1065,2,3.60930891,0.333
1188,Kepler-1065,2,2.37030743,0.143
1193,Kepler-107,4,3.17999700,0.139
1194,Kepler-107,4,4.90142500,0.161
1195,Kepler-107,4,7.95820300,0.095
1196,Kepler-107,4,14.74904900,0.308
1200,Kepler-1073,2,8.67888593,0.205
1201,Kepler-1073,2,4.02582254,0.146
1208,Kepler-108,2,49.18392100,0.772
1209,Kepler-108,2,190.32349400,0.730
1216,Kepler-1086,2,18.78425728,0.218
1217,Kepler-1086,2,161.51633450,0.262
1221,Kepler-109,2,6.48163000,0.211
1222,Kepler-109,2,21.22270000,0.225
1226,Kepler-1093,2,25.08246260,0.174
1227,Kepler-1093,2,89.72229200,0.175
1234,Kepler-11,6,10.30390000,0.161
1235,Kepler-11,6,13.02410000,0.256
1236,Kepler-11,6,22.68450000,0.278
1237,Kepler-11,6,31.99960000,0.374
1238,Kepler-11,6,46.68880000,0.222
1239,Kepler-11,6,118.38070000,0.297
1240,Kepler-110,2,12.69111200,0.163
1241,Kepler-110,2,31.71977500,0.197
1252,Kepler-111,2,3.34181500,0.141
1253,Kepler-111,2,224.78460800,0.651
1264,Kepler-112,2,8.40887800,0.211
1265,Kepler-112,2,28.57426300,0.214
1275,Kepler-1129,2,24.33978040,0.264
1276,Kepler-1129,2,76.53695860,0.244
1277,Kepler-113,2,4.75400000,0.162
1278,Kepler-113,2,8.92507000,0.194
1289,Kepler-114,3,5.18854900,0.112
1290,Kepler-114,3,8.04100000,0.143
1291,Kepler-114,3,11.77600000,0.226
1295,Kepler-1143,2,2.88890485,0.149
1296,Kepler-1143,2,210.63059100,0.321
1303,Kepler-115,2,2.40367900,0.097
1304,Kepler-115,2,8.99088900,0.232
1309,Kepler-1154,2,5.18561420,0.209
1310,Kepler-1154,2,8.45808312,0.211
1316,Kepler-116,2,5.96873400,0.305
1317,Kepler-116,2,13.07163000,0.205
1328,Kepler-117,2,18.79592280,0.719
1329,Kepler-117,2,50.79039100,1.101
1340,Kepler-118,2,7.51849600,0.175
1341,Kepler-118,2,20.17202000,0.685
1352,Kepler-119,2,2.42208200,0.321
1353,Kepler-119,2,4.12510300,0.082
1365,Kepler-120,2,6.31250100,0.192
1366,Kepler-120,2,12.79458500,0.136
1377,Kepler-121,2,3.17742200,0.209
1378,Kepler-121,2,41.00801100,0.203
1389,Kepler-122,5,5.76619300,0.209
1390,Kepler-122,5,12.46598800,0.524
1391,Kepler-122,5,21.58747500,0.196
1392,Kepler-122,5,37.99327300,0.232
1393,Kepler-122,5,56.26800000,0.156
1404,Kepler-123,2,17.23236600,0.262
1405,Kepler-123,2,26.69507400,0.132
1416,Kepler-124,3,3.41049300,0.065
1417,Kepler-124,3,13.82137500,0.156
1418,Kepler-124,3,30.95085100,0.099
1424,Kepler-1245,2,4.35409304,0.128
1425,Kepler-1245,2,2.93658468,0.128
1430,Kepler-125,2,4.16438900,0.211
1431,Kepler-125,2,5.77446400,0.066
1436,Kepler-1254,3,9.99113313,0.138
1437,Kepler-1254,3,3.60084276,0.116
1438,Kepler-1254,3,5.72717226,0.117
1444,Kepler-126,3,10.49571100,0.136
1445,Kepler-126,3,21.86974100,0.141
1446,Kepler-126,3,100.28313400,0.223
1457,Kepler-127,3,14.43588900,0.125
1458,Kepler-127,3,29.39319500,0.237
1459,Kepler-127,3,48.63040800,0.236
1470,Kepler-128,2,15.09000000,0.101
1471,Kepler-128,2,22.80400000,0.101
1482,Kepler-129,2,15.79186000,0.211
1483,Kepler-129,2,82.20017000,0.227
1494,Kepler-130,3,8.45745800,0.091
1495,Kepler-130,3,27.50868000,0.259
1496,Kepler-130,3,87.51790500,0.146
1507,Kepler-131,2,16.09200000,0.215
1508,Kepler-131,2,25.51690000,0.075
1510,Kepler-1311,2,11.17269940,0.111
1511,Kepler-1311,2,2.53573424,0.109
1520,Kepler-132,4,6.17819600,0.108
1521,Kepler-132,4,6.41491400,0.114
1522,Kepler-132,4,18.01019900,0.138
1523,Kepler-132,4,110.28693740,0.105
1525,Kepler-1321,2,11.12830484,0.439
1526,Kepler-1321,2,2.22649109,0.214
1535,Kepler-133,2,8.12997600,0.157
1536,Kepler-133,2,31.51758600,0.253
1543,Kepler-1336,2,23.19868100,0.177
1544,Kepler-1336,2,5.77721211,0.153
1548,Kepler-134,2,5.31742900,0.178
1549,Kepler-134,2,10.10578500,0.112
1560,Kepler-135,2,6.00253000,0.161
1561,Kepler-135,2,11.44870800,0.103
1562,Kepler-1350,2,4.49686040,0.225
1563,Kepler-1350,2,1.76678906,0.154
1573,Kepler-136,2,11.57890000,0.183
1574,Kepler-136,2,16.39923500,0.178
1580,Kepler-1365,2,7.69993485,0.082
1581,Kepler-1365,2,4.77468005,0.071
1586,Kepler-137,2,8.43638700,0.131
1587,Kepler-137,2,18.73575300,0.168
1588,Kepler-1370,2,20.26416840,0.164
1589,Kepler-1370,2,7.44142113,0.113
1590,Kepler-1371,2,3.44620390,0.065
1591,Kepler-1371,2,2.00541269,0.057
1600,Kepler-138,3,10.31260000,0.047
1601,Kepler-138,3,13.78130000,0.107
1602,Kepler-138,3,23.08810000,0.108
1611,Kepler-1388,4,12.28546030,0.231
1612,Kepler-1388,4,5.53608151,0.202
1613,Kepler-1388,4,20.95681580,0.255
1614,Kepler-1388,4,37.63270840,0.219
1616,Kepler-139,2,15.77104400,0.262
1617,Kepler-139,2,157.07287800,0.302
1626,Kepler-1398,2,2.78815679,0.080
1627,Kepler-1398,2,4.13827595,0.092
1630,Kepler-140,2,3.25427000,0.144
1631,Kepler-140,2,91.35328200,0.161
1642,Kepler-141,2,3.10767500,0.062
1643,Kepler-141,2,7.01060600,0.126
1654,Kepler-142,3,2.02415200,0.178
1655,Kepler-142,3,4.76170200,0.255
1656,Kepler-142,3,41.80911800,0.193
1667,Kepler-143,2,16.00758300,0.215
1668,Kepler-143,2,27.08251100,0.301
1679,Kepler-144,2,5.88527300,0.119
1680,Kepler-144,2,10.10466500,0.120
1691,Kepler-145,2,22.95100000,0.236
1692,Kepler-145,2,42.88200000,0.385
1703,Kepler-146,2,31.15879900,0.331
1704,Kepler-146,2,76.73217100,0.279
1709,Kepler-1464,2,31.77859010,0.148
1710,Kepler-1464,2,5.32786292,0.089
1714,Kepler-1468,2,8.23984869,0.154
1715,Kepler-1468,2,3.54553021,0.103
1717,Kepler-147,2,12.61058400,0.136
1718,Kepler-147,2,33.41642300,0.217
1729,Kepler-148,3,1.72936600,0.161
1730,Kepler-148,3,4.18004300,0.321
1731,Kepler-148,3,51.84688575,0.774
1742,Kepler-149,3,29.19894300,0.376
1743,Kepler-149,3,55.32832800,0.144
1744,Kepler-149,3,160.01803200,0.353
1756,Kepler-150,5,3.42805400,0.112
1757,Kepler-150,5,7.38199800,0.329
1758,Kepler-150,5,12.56093000,0.249
1759,Kepler-150,5,30.82655700,0.278
1760,Kepler-150,5,637.20930000,0.325
1771,Kepler-151,2,15.22895800,0.273
1772,Kepler-151,2,24.67461200,0.186
1783,Kepler-152,2,18.20797300,0.249
1784,Kepler-152,2,88.25505500,0.213
1795,Kepler-153,2,18.87022700,0.261
1796,Kepler-153,2,46.90232000,0.226
1797,Kepler-1530,2,2.59044340,0.146
1798,Kepler-1530,2,5.32274060,0.147
1808,Kepler-154,5,33.04053200,0.202
1809,Kepler-154,5,62.30327600,0.263
1810,Kepler-154,5,20.54981883,0.343
1811,Kepler-154,5,3.93276465,0.134
1812,Kepler-154,5,9.91935684,0.134
1815,Kepler-1542,4,3.95116882,0.068
1816,Kepler-1542,4,2.89223021,0.058
1817,Kepler-1542,4,5.99273738,0.078
1818,Kepler-1542,4,5.10115756,0.068
1826,Kepler-155,2,5.93119400,0.186
1827,Kepler-155,2,52.66179300,0.200
1838,Kepler-156,2,4.97345600,0.205
1839,Kepler-156,2,15.90680100,0.227
1850,Kepler-157,3,1.73234200,0.118
1851,Kepler-157,3,13.54050000,0.200
1852,Kepler-157,3,7.02573474,0.130
1863,Kepler-158,2,16.70918400,0.189
1864,Kepler-158,2,28.55138300,0.170
1875,Kepler-159,2,10.13962300,0.212
1876,Kepler-159,2,43.59579200,0.304
1888,Kepler-160,2,4.30942700,0.137
1889,Kepler-160,2,13.69908700,0.322
1900,Kepler-161,2,4.92135500,0.189
1901,Kepler-161,2,7.06424000,0.183
1912,Kepler-162,2,6.91979800,0.112
1913,Kepler-162,2,19.44635500,0.270
1924,Kepler-163,2,7.81093700,0.094
1925,Kepler-163,2,21.34726200,0.202
1936,Kepler-164,3,5.03503000,0.126
1937,Kepler-164,3,10.94572300,0.244
1938,Kepler-164,3,28.98676900,0.219
1940,Kepler-1641,2,19.67226600,0.277
1941,Kepler-1641,2,32.65721200,0.263
1942,Kepler-1642,2,12.20575130,0.285
1943,Kepler-1642,2,6.65138020,0.237
1950,Kepler-165,2,8.18084800,0.207
1951,Kepler-165,2,15.31299000,0.199
1958,Kepler-166,3,7.65025400,0.203
1959,Kepler-166,3,34.26028100,0.212
1960,Kepler-166,3,1.55400393,0.154
1961,Kepler-167,4,4.39316320,0.144
1962,Kepler-167,4,7.40611400,0.138
1963,Kepler-167,4,21.80385500,0.107
1964,Kepler-167,4,1071.23228000,0.906
1965,Kepler-168,2,4.42539100,0.130
1966,Kepler-168,2,13.19324200,0.240
1967,Kepler-169,5,3.25061900,0.101
1968,Kepler-169,5,6.19546900,0.108
1969,Kepler-169,5,8.34812500,0.112
1970,Kepler-169,5,13.76710200,0.196
1971,Kepler-169,5,87.09019500,0.230
1973,Kepler-170,2,7.93059200,0.285
1974,Kepler-170,2,16.66586300,0.255
1975,Kepler-171,3,4.16697200,0.209
1976,Kepler-171,3,11.46346200,0.228
1977,Kepler-171,3,39.59551900,0.169
1978,Kepler-172,4,2.94030900,0.210
1979,Kepler-172,4,6.38899600,0.255
1980,Kepler-172,4,14.62711900,0.201
1981,Kepler-172,4,35.11873600,0.246
1982,Kepler-173,2,4.26374200,0.115
1983,Kepler-173,2,8.00577700,0.217
1984,Kepler-174,3,13.98179000,0.175
1985,Kepler-174,3,44.00052900,0.133
1986,Kepler-174,3,247.35373000,0.195
1987,Kepler-175,2,11.90351500,0.228
1988,Kepler-175,2,34.03525700,0.277
1989,Kepler-176,4,5.43307400,0.128
1990,Kepler-176,4,12.75971200,0.232
1991,Kepler-176,4,25.75197400,0.224
1992,Kepler-176,4,51.16579000,0.129
1993,Kepler-177,2,36.85500000,0.259
1994,Kepler-177,2,49.41200000,0.633
1995,Kepler-178,3,9.57669400,0.259
1996,Kepler-178,3,20.55280200,0.257
1997,Kepler-178,3,96.67898800,0.352
1998,Kepler-179,2,2.73592600,0.146
1999,Kepler-179,2,6.40013000,0.178
2000,Kepler-18,3,3.50472500,0.178
2001,Kepler-18,3,7.64159000,0.490
2002,Kepler-18,3,14.85888000,0.623
2003,Kepler-180,2,13.81712400,0.134
2004,Kepler-180,2,41.88577500,0.269
2005,Kepler-181,2,3.13787300,0.113
2006,Kepler-181,2,4.30214900,0.178
2007,Kepler-182,2,9.82579200,0.230
2008,Kepler-182,2,20.68434200,0.306
2009,Kepler-183,2,5.68794500,0.184
2010,Kepler-183,2,11.63707100,0.203
2011,Kepler-184,3,10.68757600,0.211
2012,Kepler-184,3,20.30300500,0.176
2013,Kepler-184,3,29.02235800,0.222
2014,Kepler-185,2,1.63290000,0.104
2015,Kepler-185,2,20.72904200,0.180
2016,Kepler-186,5,3.88679070,0.095
2017,Kepler-186,5,7.26730200,0.112
2018,Kepler-186,5,13.34299600,0.125
2019,Kepler-186,5,22.40770400,0.113
2020,Kepler-186,5,129.94410000,0.104
2021,Kepler-187,2,4.93886400,0.126
2022,Kepler-187,2,10.64026300,0.238
2023,Kepler-188,2,2.06189700,0.150
2024,Kepler-188,2,5.99655300,0.285
2025,Kepler-189,2,10.39993100,0.108
2026,Kepler-189,2,20.13486600,0.212
2030,Kepler-190,2,2.01999900,0.139
2031,Kepler-190,2,3.76302400,0.130
2032,Kepler-191,3,9.93963200,0.120
2033,Kepler-191,3,17.73850600,0.166
2034,Kepler-191,3,5.94504102,0.203
2035,Kepler-192,3,9.92674600,0.244
2036,Kepler-192,3,21.22340000,0.249
2037,Kepler-192,3,6.47027579,0.091
2038,Kepler-193,2,11.38848000,0.213
2039,Kepler-193,2,50.69749400,0.245
2040,Kepler-194,3,2.09228100,0.135
2041,Kepler-194,3,17.30803200,0.231
2042,Kepler-194,3,52.81497300,0.214
2043,Kepler-195,2,8.30787200,0.181
2044,Kepler-195,2,34.09686300,0.138
2045,Kepler-196,2,20.73988600,0.170
2046,Kepler-196,2,47.42773700,0.200
2047,Kepler-197,4,5.59930800,0.091
2048,Kepler-197,4,10.34969500,0.110
2049,Kepler-197,4,15.67756300,0.109
2050,Kepler-197,4,25.20971500,0.081
2051,Kepler-198,3,17.79003700,0.252
2052,Kepler-198,3,49.56741600,0.220
2053,Kepler-198,3,1.31184443,0.136
2054,Kepler-199,2,23.63760400,0.277
2055,Kepler-199,2,67.09340800,0.290
2056,Kepler-20,6,3.69611525,0.167
2057,Kepler-20,6,10.85409089,0.272
2058,Kepler-20,6,77.61130017,0.245
2059,Kepler-20,6,6.09852281,0.077
2060,Kepler-20,6,19.57758478,0.089
2062,Kepler-200,2,8.59480500,0.190
2063,Kepler-200,2,10.22215700,0.142
2064,Kepler-201,2,25.67208300,0.219
2065,Kepler-201,2,151.88405800,0.254
2066,Kepler-202,2,4.06942700,0.145
2067,Kepler-202,2,16.28249300,0.165
2068,Kepler-203,3,3.16269700,0.229
2069,Kepler-203,3,5.37064700,0.220
2070,Kepler-203,3,11.32972000,0.128
2071,Kepler-204,2,14.40097400,0.226
2072,Kepler-204,2,25.66059300,0.160
2073,Kepler-205,2,2.75564000,0.135
2074,Kepler-205,2,20.30654600,0.146
2075,Kepler-206,3,7.78198700,0.107
2076,Kepler-206,3,13.13747100,0.158
2077,Kepler-206,3,23.44281000,0.106
2078,Kepler-207,3,1.61186500,0.140
2079,Kepler-207,3,3.07157100,0.134
2080,Kepler-207,3,5.86807500,0.295
2081,Kepler-208,4,4.22864000,0.145
2082,Kepler-208,4,7.46662300,0.124
2083,Kepler-208,4,11.13178600,0.107
2084,Kepler-208,4,16.25945800,0.132
2085,Kepler-209,2,16.08784500,0.202
2086,Kepler-209,2,41.74988200,0.277
2088,Kepler-210,2,2.45323400,0.262
2089,Kepler-210,2,7.97251300,0.323
2090,Kepler-211,2,4.13857500,0.112
2091,Kepler-211,2,6.04045000,0.115
2092,Kepler-212,2,16.25758200,0.097
2093,Kepler-212,2,31.80517400,0.244
2094,Kepler-213,2,2.46236000,0.145
2095,Kepler-213,2,4.82296200,0.209
2096,Kepler-214,2,15.66054400,0.233
2097,Kepler-214,2,28.77980000,0.190
2098,Kepler-215,4,9.36067200,0.145
2099,Kepler-215,4,14.66710800,0.158
2100,Kepler-215,4,30.86442300,0.213
2101,Kepler-215,4,68.16101000,0.156
2102,Kepler-216,2,7.69364100,0.210
2103,Kepler-216,2,17.40666900,0.271
2104,Kepler-217,3,5.37494300,0.199
2105,Kepler-217,3,8.58600400,0.165
2106,Kepler-217,3,3.88689525,0.118
2107,Kepler-218,3,3.61933700,0.132
2108,Kepler-218,3,44.69957600,0.280
2109,Kepler-218,3,124.52446470,0.237
2110,Kepler-219,3,4.58551200,0.263
2111,Kepler-219,3,22.71461300,0.319
2112,Kepler-219,3,47.90364500,0.251
2114,Kepler-220,4,4.15980700,0.072
2115,Kepler-220,4,9.03419900,0.140
2116,Kepler-220,4,28.12239700,0.087
2117,Kepler-220,4,45.90273300,0.119
2118,Kepler-221,4,2.79590600,0.153
2119,Kepler-221,4,5.69058600,0.261
2120,Kepler-221,4,10.04156000,0.244
2121,Kepler-221,4,18.36991700,0.235
2122,Kepler-222,3,3.93698100,0.282
2123,Kepler-222,3,10.08881000,0.414
2124,Kepler-222,3,28.08191200,0.329
2125,Kepler-223,4,7.38449000,0.267
2126,Kepler-223,4,9.84564000,0.307
2127,Kepler-223,4,14.78869000,0.467
2128,Kepler-223,4,19.72567000,0.410
2129,Kepler-224,4,3.13292400,0.124
2130,Kepler-224,4,5.92500300,0.278
2131,Kepler-224,4,11.34939300,0.205
2132,Kepler-224,4,18.64357700,0.176
2133,Kepler-225,2,6.73897500,0.107
2134,Kepler-225,2,18.79423400,0.164
2135,Kepler-226,3,3.94099700,0.138
2136,Kepler-226,3,5.34955500,0.203
2137,Kepler-226,3,8.10904400,0.109
2138,Kepler-227,2,9.48801500,0.277
2139,Kepler-227,2,54.41869400,0.271
2140,Kepler-228,3,2.56654600,0.136
2141,Kepler-228,3,4.13444400,0.241
2142,Kepler-228,3,11.09428600,0.360
2143,Kepler-229,3,6.25297200,0.196
2144,Kepler-229,3,16.06863800,0.439
2145,Kepler-229,3,41.19491200,0.343
2146,Kepler-23,3,7.10730000,0.170
2147,Kepler-23,3,10.74210000,0.285
2148,Kepler-23,3,15.27429900,0.196
2149,Kepler-230,2,32.62555500,0.380
2150,Kepler-230,2,91.77324200,0.182
2151,Kepler-231,2,10.06527500,0.154
2152,Kepler-231,2,19.27156600,0.172
2153,Kepler-232,2,4.43122200,0.275
2154,Kepler-232,2,11.37934900,0.342
2155,Kepler-233,2,8.47238200,0.217
2156,Kepler-233,2,60.41895500,0.242
2157,Kepler-234,2,2.71150600,0.330
2158,Kepler-234,2,7.21205000,0.313
2159,Kepler-235,4,3.34022200,0.199
2160,Kepler-235,4,7.82490400,0.114
2161,Kepler-235,4,20.06054800,0.183
2162,Kepler-235,4,46.18366900,0.198
2163,Kepler-236,2,8.29561100,0.140
2164,Kepler-236,2,23.96812700,0.178
2165,Kepler-237,2,4.71510600,0.126
2166,Kepler-237,2,8.10363600,0.186
2167,Kepler-238,5,2.09087600,0.154
2168,Kepler-238,5,6.15555700,0.213
2169,Kepler-238,5,13.23354900,0.274
2170,Kepler-238,5,23.65400000,0.500
2171,Kepler-238,5,50.44700000,0.178
2172,Kepler-239,2,11.76305100,0.208
2173,Kepler-239,2,56.22809800,0.224
2174,Kepler-24,4,8.14530000,0.214
2175,Kepler-24,4,12.33350000,0.250
2176,Kepler-24,4,4.24438400,0.149
2177,Kepler-24,4,18.99835500,0.248
2178,Kepler-240,2,4.14449500,0.122
2179,Kepler-240,2,7.95352800,0.196
2180,Kepler-241,2,12.71809200,0.208
2181,Kepler-241,2,36.06597800,0.229
2182,Kepler-242,2,8.20395000,0.233
2183,Kepler-242,2,14.49648100,0.178
2184,Kepler-243,2,5.71544200,0.219
2185,Kepler-243,2,20.02621800,0.178
2186,Kepler-244,3,4.31179200,0.246
2187,Kepler-244,3,9.76729200,0.183
2188,Kepler-244,3,20.05040100,0.206
2189,Kepler-245,4,7.49019000,0.229
2190,Kepler-245,4,17.46081200,0.194
2191,Kepler-245,4,36.27710800,0.270
2192,Kepler-245,4,3.21982106,0.156
2193,Kepler-246,2,4.60182000,0.209
2194,Kepler-246,2,11.18716100,0.134
2195,Kepler-247,3,3.33616000,0.146
2196,Kepler-247,3,9.43945200,0.365
2197,Kepler-247,3,20.47791200,0.352
2198,Kepler-248,2,6.30820500,0.269
2199,Kepler-248,2,16.23949400,0.363
2200,Kepler-249,3,3.30653900,0.097
2201,Kepler-249,3,7.11370200,0.135
2202,Kepler-249,3,15.36845900,0.140
2203,Kepler-25,3,6.23850000,0.242
2204,Kepler-25,3,12.72040000,0.464
2206,Kepler-250,3,4.14814100,0.101
2207,Kepler-250,3,7.15680400,0.203
2208,Kepler-250,3,17.64831200,0.194
2209,Kepler-251,4,4.79093600,0.119
2210,Kepler-251,4,16.51404300,0.247
2211,Kepler-251,4,30.13300100,0.247
2212,Kepler-251,4,99.64016100,0.247
2213,Kepler-252,2,6.66839100,0.110
2214,Kepler-252,2,10.84846300,0.192
2215,Kepler-253,3,3.78398600,0.145
2216,Kepler-253,3,10.28195100,0.236
2217,Kepler-253,3,18.11986900,0.283
2218,Kepler-254,3,5.82666200,0.345
2219,Kepler-254,3,12.41218300,0.192
2220,Kepler-254,3,18.74647700,0.223
2221,Kepler-255,3,5.71460600,0.138
2222,Kepler-255,3,9.94604700,0.267
2223,Kepler-255,3,1.04562266,0.118
2224,Kepler-256,4,1.62049300,0.142
2225,Kepler-256,4,3.38802000,0.192
2226,Kepler-256,4,5.83917200,0.221
2227,Kepler-256,4,10.68157200,0.210
2228,Kepler-257,3,2.38266700,0.233
2229,Kepler-257,3,6.58148400,0.483
2230,Kepler-257,3,24.66455100,0.442
2231,Kepler-258,2,13.19722000,0.362
2232,Kepler-258,2,33.65307900,0.322
2233,Kepler-259,2,8.11531700,0.250
2234,Kepler-259,2,36.92493100,0.241
2235,Kepler-26,4,12.28000000,0.248
2236,Kepler-26,4,17.25590000,0.243
2237,Kepler-26,4,3.54391900,0.095
2238,Kepler-26,4,46.82791500,0.215
2239,Kepler-260,2,8.18739900,0.179
2240,Kepler-260,2,76.05017800,0.155
2241,Kepler-261,2,10.38122700,0.194
2242,Kepler-261,2,24.57085800,0.178
2243,Kepler-262,2,13.06085500,0.121
2244,Kepler-262,2,21.85372200,0.146
2245,Kepler-263,2,16.56808700,0.238
2246,Kepler-263,2,47.33277300,0.220
2247,Kepler-264,2,40.80623100,0.297
2248,Kepler-264,2,140.10126100,0.252
2249,Kepler-265,4,6.84626200,0.166
2250,Kepler-265,4,17.02893700,0.235
2251,Kepler-265,4,43.13061700,0.222
2252,Kepler-265,4,67.83102400,0.231
2253,Kepler-266,2,6.61833000,0.221
2254,Kepler-266,2,107.72360100,0.347
2255,Kepler-267,3,3.35372800,0.177
2256,Kepler-267,3,6.87745000,0.190
2257,Kepler-267,3,28.46451500,0.203
2258,Kepler-268,2,25.93413800,0.227
2259,Kepler-268,2,83.44639300,0.302
2260,Kepler-269,2,5.32671800,0.220
2261,Kepler-269,2,8.12789900,0.151
2262,Kepler-27,2,15.33480000,0.357
2263,Kepler-27,2,31.33090000,0.437
2264,Kepler-270,2,11.47609400,0.179
2265,Kepler-270,2,25.26288700,0.158
2266,Kepler-271,3,5.21773800,0.079
2267,Kepler-271,3,7.41093500,0.089
2268,Kepler-271,3,5.24972541,0.059
2269,Kepler-272,3,2.97135300,0.128
2270,Kepler-272,3,6.05734200,0.160
2271,Kepler-272,3,10.93730400,0.201
2272,Kepler-273,2,2.93653200,0.134
2273,Kepler-273,2,8.01492700,0.177
2274,Kepler-274,2,11.63478800,0.137
2275,Kepler-274,2,33.19786100,0.164
2276,Kepler-275,3,10.30068200,0.209
2277,Kepler-275,3,16.08813400,0.302
2278,Kepler-275,3,35.67606200,0.297
2279,Kepler-276,3,14.12841000,0.256
2280,Kepler-276,3,31.88400000,0.259
2281,Kepler-276,3,48.64800000,0.250
2282,Kepler-277,2,17.32400000,0.261
2283,Kepler-277,2,33.00600000,0.300
2284,Kepler-278,2,30.16054600,0.363
2285,Kepler-278,2,51.07877500,0.320
2286,Kepler-279,3,12.30968100,0.323
2287,Kepler-279,3,35.73600000,0.384
2288,Kepler-279,3,54.41400000,0.277
2289,Kepler-28,2,5.91230000,0.321
2290,Kepler-28,2,8.98580000,0.303
2291,Kepler-280,2,2.13954200,0.129
2292,Kepler-280,2,4.80709100,0.179
2293,Kepler-281,2,14.64600800,0.252
2294,Kepler-281,2,36.33737300,0.474
2295,Kepler-282,4,9.22052400,0.090
2296,Kepler-282,4,13.63872300,0.107
2297,Kepler-282,4,24.80600000,0.219
2298,Kepler-282,4,44.34700000,0.277
2299,Kepler-283,2,11.00815100,0.190
2300,Kepler-283,2,92.74371100,0.162
2301,Kepler-284,2,12.69914900,0.200
2302,Kepler-284,2,37.51445600,0.233
2303,Kepler-285,2,2.63386700,0.120
2304,Kepler-285,2,6.18667600,0.100
2305,Kepler-286,4,1.79630200,0.111
2306,Kepler-286,4,3.46809500,0.122
2307,Kepler-286,4,5.91432300,0.119
2308,Kepler-286,4,29.22128900,0.158
2309,Kepler-287,2,20.34219900,0.208
2310,Kepler-287,2,44.85189600,0.291
2311,Kepler-288,3,6.09732600,0.149
2312,Kepler-288,3,19.30577200,0.254
2313,Kepler-288,3,56.63374200,0.238
2314,Kepler-289,3,34.54500000,0.192
2315,Kepler-289,3,125.85180000,1.034
2316,Kepler-289,3,66.06340000,0.239
2317,Kepler-29,2,10.33840000,0.299
2318,Kepler-29,2,13.28840000,0.280
2319,Kepler-290,2,14.58934700,0.201
2320,Kepler-290,2,36.77031000,0.241
2321,Kepler-291,2,3.54651100,0.193
2322,Kepler-291,2,5.70078600,0.168
2323,Kepler-292,5,2.58082700,0.118
2324,Kepler-292,5,3.71533500,0.131
2325,Kepler-292,5,7.05567900,0.199
2326,Kepler-292,5,11.97901000,0.238
2327,Kepler-292,5,20.83423700,0.210
2328,Kepler-293,2,19.25419600,0.274
2329,Kepler-293,2,54.15574300,0.342
2330,Kepler-294,2,3.70121200,0.158
2331,Kepler-294,2,6.62640000,0.242
2332,Kepler-295,3,12.64516400,0.109
2333,Kepler-295,3,21.52625800,0.104
2334,Kepler-295,3,33.88405400,0.121
2335,Kepler-296,5,10.86438400,0.144
2336,Kepler-296,5,5.84163660,0.178
2337,Kepler-296,5,19.85029100,0.186
2338,Kepler-296,5,34.14211000,0.136
2339,Kepler-296,5,63.33627000,0.161
2340,Kepler-297,2,38.87182600,0.256
2341,Kepler-297,2,74.92013700,0.583
2342,Kepler-298,3,10.47546400,0.175
2343,Kepler-298,3,22.92881000,0.172
2344,Kepler-298,3,77.47363300,0.223
2345,Kepler-299,4,2.92712800,0.118
2346,Kepler-299,4,6.88587500,0.236
2347,Kepler-299,4,15.05478600,0.166
2348,Kepler-299,4,38.28548900,0.167
2349,Kepler-30,3,29.33434000,0.348
2350,Kepler-30,3,60.32310500,1.097
2351,Kepler-30,3,143.34394000,0.785
2352,Kepler-300,2,10.44634700,0.149
2353,Kepler-300,2,40.71495500,0.201
2354,Kepler-301,3,2.50855300,0.120
2355,Kepler-301,3,5.41902600,0.120
2356,Kepler-301,3,13.75124300,0.156
2357,Kepler-302,2,30.18410400,0.362
2358,Kepler-302,2,127.28218400,1.111
2359,Kepler-303,2,1.93705500,0.079
2360,Kepler-303,2,7.06114900,0.102
2361,Kepler-304,4,3.29570900,0.255
2362,Kepler-304,4,5.31594600,0.194
2363,Kepler-304,4,9.65347100,0.245
2364,Kepler-304,4,1.49914695,0.107
2365,Kepler-305,3,5.48700000,0.321
2366,Kepler-305,3,8.29100000,0.294
2367,Kepler-305,3,16.73866100,0.242
2368,Kepler-306,4,4.64618600,0.136
2369,Kepler-306,4,7.24019300,0.210
2370,Kepler-306,4,17.32664400,0.220
2371,Kepler-306,4,44.84097500,0.203
2372,Kepler-307,2,10.42080000,0.217
2373,Kepler-307,2,13.07290000,0.196
2374,Kepler-308,2,9.69492800,0.189
2375,Kepler-308,2,15.38231000,0.193
2376,Kepler-309,2,5.92365300,0.139
2377,Kepler-309,2,105.35638300,0.224
2378,Kepler-31,3,20.86130000,0.491
2379,Kepler-31,3,42.63180000,0.473
2380,Kepler-31,3,87.64510000,0.348
2381,Kepler-310,3,13.93069800,0.106
2382,Kepler-310,3,56.47542000,0.302
2383,Kepler-310,3,92.87612500,0.220
2384,Kepler-311,2,9.17609200,0.152
2385,Kepler-311,2,19.73828600,0.128
2386,Kepler-312,2,1.77241900,0.115
2387,Kepler-312,2,19.74741200,0.281
2388,Kepler-313,2,14.97041800,0.226
2389,Kepler-313,2,32.27327300,0.229
2390,Kepler-314,2,2.46106900,0.074
2391,Kepler-314,2,5.96039200,0.259
2392,Kepler-315,2,96.10114100,0.336
2393,Kepler-315,2,265.46933500,0.370
2394,Kepler-316,2,2.24050800,0.095
2395,Kepler-316,2,6.82776600,0.103
2396,Kepler-317,2,5.52424200,0.186
2397,Kepler-317,2,8.77501000,0.153
2398,Kepler-318,2,4.66271500,0.420
2399,Kepler-318,2,11.81500700,0.328
2400,Kepler-319,3,4.36270500,0.145
2401,Kepler-319,3,6.94135700,0.235
2402,Kepler-319,3,31.78192500,0.204
2403,Kepler-32,5,5.90124000,0.196
2404,Kepler-32,5,8.75220000,0.178
2405,Kepler-32,5,22.78020000,0.241
2406,Kepler-32,5,2.89600000,0.134
2407,Kepler-32,5,0.74296000,0.073
2408,Kepler-320,2,8.37155400,0.102
2409,Kepler-320,2,17.93493700,0.122
2410,Kepler-321,2,4.91537900,0.158
2411,Kepler-321,2,13.09392100,0.207
2412,Kepler-322,2,1.65388800,0.090
2413,Kepler-322,2,4.33723400,0.149
2414,Kepler-323,2,1.67832700,0.128
2415,Kepler-323,2,3.55382200,0.145
2416,Kepler-324,2,4.38531500,0.102
2417,Kepler-324,2,51.80561200,0.281
2418,Kepler-325,3,4.54443900,0.260
2419,Kepler-325,3,12.76217200,0.227
2420,Kepler-325,3,38.71518500,0.249
2421,Kepler-326,3,2.24832900,0.136
2422,Kepler-326,3,4.58035800,0.125
2423,Kepler-326,3,6.76688800,0.108
2424,Kepler-327,3,2.54957500,0.099
2425,Kepler-327,3,5.21233300,0.092
2426,Kepler-327,3,13.96945700,0.154
2427,Kepler-328,2,34.92100000,0.205
2428,Kepler-328,2,71.31200000,0.482
2429,Kepler-329,2,7.41639700,0.125
2430,Kepler-329,2,18.68473700,0.172
2431,Kepler-33,5,5.66793000,0.155
2432,Kepler-33,5,13.17562000,0.285
2433,Kepler-33,5,21.77596000,0.477
2434,Kepler-33,5,31.78440000,0.359
2435,Kepler-33,5,41.02902000,0.398
2436,Kepler-330,2,8.25978000,0.120
2437,Kepler-330,2,15.95538700,0.174
2438,Kepler-331,3,8.45749600,0.162
2439,Kepler-331,3,17.28111000,0.164
2440,Kepler-331,3,32.13432800,0.146
2441,Kepler-332,3,7.62632400,0.104
2442,Kepler-332,3,15.99562200,0.097
2443,Kepler-332,3,34.21154000,0.105
2444,Kepler-333,2,12.55115800,0.118
2445,Kepler-333,2,24.08821000,0.099
2446,Kepler-334,3,5.47031900,0.100
2447,Kepler-334,3,12.75800500,0.128
2448,Kepler-334,3,25.09849000,0.126
2449,Kepler-335,2,6.56233100,0.302
2450,Kepler-335,2,67.84446900,0.274
2451,Kepler-336,3,2.02482300,0.091
2452,Kepler-336,3,9.60000100,0.187
2453,Kepler-336,3,20.67877200,0.211
2454,Kepler-337,2,3.29278100,0.137
2455,Kepler-337,2,9.69320100,0.183
2456,Kepler-338,4,13.72697600,0.218
2457,Kepler-338,4,24.31085600,0.209
2458,Kepler-338,4,44.43101400,0.268
2459,Kepler-338,4,9.34100000,0.139
2460,Kepler-339,3,4.97765600,0.127
2461,Kepler-339,3,6.98805500,0.103
2462,Kepler-339,3,10.55834500,0.104
2464,Kepler-340,2,14.84438700,0.226
2465,Kepler-340,2,22.82466900,0.301
2466,Kepler-341,4,5.19552800,0.105
2467,Kepler-341,4,8.01041000,0.152
2468,Kepler-341,4,27.66631300,0.165
2469,Kepler-341,4,42.47326900,0.178
2470,Kepler-342,4,15.17031800,0.201
2471,Kepler-342,4,26.23413800,0.175
2472,Kepler-342,4,39.45935700,0.222
2473,Kepler-342,4,1.64422461,0.079
2474,Kepler-343,2,8.96855000,0.215
2475,Kepler-343,2,23.22182000,0.180
2476,Kepler-344,2,21.96394500,0.233
2477,Kepler-344,2,125.59680900,0.263
2478,Kepler-345,2,7.41556300,0.066
2479,Kepler-345,2,9.38742700,0.107
2480,Kepler-346,2,6.51112700,0.237
2481,Kepler-346,2,23.85154900,0.274
2482,Kepler-347,2,12.79836000,0.176
2483,Kepler-347,2,27.32087100,0.156
2484,Kepler-348,2,7.05677000,0.136
2485,Kepler-348,2,17.26542700,0.119
2486,Kepler-349,2,5.92977800,0.170
2487,Kepler-349,2,12.24762900,0.175
2489,Kepler-350,3,11.18956200,0.165
2490,Kepler-350,3,17.84900000,0.277
2491,Kepler-350,3,26.13600000,0.250
2492,Kepler-351,3,37.05491900,0.273
2493,Kepler-351,3,57.24809000,0.285
2494,Kepler-351,3,142.54424700,0.243
2495,Kepler-352,2,10.05537000,0.077
2496,Kepler-352,2,16.33299500,0.111
2497,Kepler-353,2,5.79527800,0.079
2498,Kepler-353,2,8.41089400,0.123
2499,Kepler-354,3,5.47666000,0.164
2500,Kepler-354,3,16.93440200,0.117
2501,Kepler-354,3,24.20984200,0.111
2502,Kepler-355,2,11.03189000,0.130
2503,Kepler-355,2,25.76229400,0.242
2504,Kepler-356,2,4.61269600,0.140
2505,Kepler-356,2,13.12163200,0.161
2506,Kepler-357,3,6.47543400,0.164
2507,Kepler-357,3,16.85837000,0.238
2508,Kepler-357,3,49.49987500,0.306
2509,Kepler-358,2,34.06046700,0.243
2510,Kepler-358,2,83.48836900,0.254
2511,Kepler-359,3,25.56322200,0.315
2512,Kepler-359,3,57.68802000,0.384
2513,Kepler-359,3,77.09569100,0.358
2514,Kepler-36,2,13.83989000,0.133
2515,Kepler-36,2,16.23855000,0.328
2516,Kepler-360,2,3.28967200,0.147
2517,Kepler-360,2,7.18643400,0.187
2518,Kepler-361,2,8.48661600,0.129
2519,Kepler-361,2,55.18802300,0.225
2520,Kepler-362,2,10.32718600,0.079
2521,Kepler-362,2,37.86628100,0.129
2522,Kepler-363,3,3.61456800,0.103
2523,Kepler-363,3,7.54242700,0.151
2524,Kepler-363,3,11.93212500,0.183
2525,Kepler-364,2,25.74571800,0.138
2526,Kepler-364,2,59.98062700,0.192
2527,Kepler-365,2,10.66490300,0.182
2528,Kepler-365,2,17.78412900,0.146
2529,Kepler-366,2,3.28195900,0.130
2530,Kepler-366,2,12.51616000,0.160
2531,Kepler-367,2,37.81572400,0.116
2532,Kepler-367,2,53.57863700,0.107
2533,Kepler-368,2,26.84768000,0.291
2534,Kepler-368,2,72.37933400,0.346
2535,Kepler-369,2,2.73275600,0.101
2536,Kepler-369,2,14.87157200,0.126
2537,Kepler-37,4,13.36750000,0.029
2538,Kepler-37,4,21.30200000,0.067
2539,Kepler-37,4,39.79220000,0.173
2541,Kepler-370,2,4.57953000,0.142
2542,Kepler-370,2,19.02293000,0.170
2543,Kepler-371,2,34.76327800,0.169
2544,Kepler-371,2,67.96801500,0.159
2545,Kepler-372,3,6.84969200,0.121
2546,Kepler-372,3,20.05376300,0.186
2547,Kepler-372,3,30.09256800,0.151
2548,Kepler-373,2,5.53530900,0.121
2549,Kepler-373,2,16.72594800,0.111
2550,Kepler-374,3,1.89780600,0.092
2551,Kepler-374,3,3.28280700,0.098
2552,Kepler-374,3,5.02821900,0.117
2553,Kepler-375,2,12.12593400,0.129
2554,Kepler-375,2,19.98632600,0.236
2555,Kepler-376,2,4.92019900,0.095
2556,Kepler-376,2,14.17232700,0.160
2557,Kepler-377,2,12.50952900,0.124
2558,Kepler-377,2,27.01497600,0.184
2559,Kepler-378,2,16.09236100,0.067
2560,Kepler-378,2,28.90600900,0.062
2561,Kepler-379,2,20.09838000,0.148
2562,Kepler-379,2,62.78469700,0.204
2564,Kepler-380,2,3.93082100,0.106
2565,Kepler-380,2,7.63000400,0.113
2566,Kepler-381,2,5.62902100,0.088
2567,Kepler-381,2,13.39163500,0.100
2568,Kepler-382,2,5.26215500,0.118
2569,Kepler-382,2,12.16270100,0.142
2570,Kepler-383,2,12.90453200,0.118
2571,Kepler-383,2,31.20075100,0.111
2572,Kepler-384,2,22.59705300,0.100
2573,Kepler-384,2,45.34826900,0.101
2574,Kepler-385,2,10.04368600,0.244
2575,Kepler-385,2,15.16316100,0.271
2576,Kepler-386,2,12.31043000,0.124
2577,Kepler-386,2,25.19345800,0.141
2578,Kepler-387,2,6.79163600,0.092
2579,Kepler-387,2,11.83754900,0.079
2580,Kepler-388,2,3.17331500,0.072
2581,Kepler-388,2,13.29700400,0.077
2582,Kepler-389,2,3.24410700,0.135
2583,Kepler-389,2,14.51143000,0.130
2585,Kepler-390,2,6.73808800,0.073
2586,Kepler-390,2,13.06002200,0.070
2587,Kepler-391,2,7.41675500,0.285
2588,Kepler-391,2,20.48543500,0.316
2589,Kepler-392,2,5.34185300,0.089
2590,Kepler-392,2,10.42311800,0.098
2591,Kepler-393,2,9.18241700,0.115
2592,Kepler-393,2,14.61361200,0.119
2593,Kepler-394,2,8.00501300,0.143
2594,Kepler-394,2,12.13068600,0.148
2595,Kepler-395,2,7.05434600,0.092
2596,Kepler-395,2,34.98926200,0.118
2597,Kepler-396,2,42.99400000,0.312
2598,Kepler-396,2,88.50500000,0.473
2599,Kepler-397,2,22.25094900,0.219
2600,Kepler-397,2,135.49852700,0.551
2601,Kepler-398,3,4.08142300,0.083
2602,Kepler-398,3,11.41941200,0.090
2603,Kepler-398,3,6.83437001,0.079
2604,Kepler-399,3,14.42528100,0.086
2605,Kepler-399,3,26.67569000,0.128
2606,Kepler-399,3,58.03461600,0.169
2609,Kepler-400,2,9.02438900,0.147
2610,Kepler-400,2,17.34082400,0.133
2611,Kepler-401,3,14.38303500,0.153
2612,Kepler-401,3,47.31821800,0.192
2613,Kepler-401,3,184.25640500,0.203
2614,Kepler-402,4,4.02875100,0.109
2615,Kepler-402,4,6.12482100,0.139
2616,Kepler-402,4,8.92109900,0.123
2617,Kepler-402,4,11.24286100,0.130
2618,Kepler-403,3,7.03146200,0.112
2619,Kepler-403,3,54.28074900,0.156
2620,Kepler-403,3,13.61159129,0.127
2621,Kepler-404,2,11.82985100,0.113
2622,Kepler-404,2,14.75116600,0.153
2623,Kepler-405,2,10.61383900,0.186
2624,Kepler-405,2,29.72668200,0.416
2625,Kepler-406,2,2.42629000,0.128
2626,Kepler-406,2,4.62332000,0.076
2627,Kepler-407,2,0.66931000,0.095
2633,Kepler-411,2,3.00516000,0.168
2634,Kepler-411,2,7.83442788,0.292
2637,Kepler-414,2,4.70000000,0.153
2638,Kepler-414,2,7.17100000,0.269
2639,Kepler-415,2,4.17600000,0.108
2641,Kepler-416,2,6.31900000,0.221
2643,Kepler-417,2,12.33100000,0.206
2646,Kepler-419,2,69.75460000,0.960
2648,Kepler-42,3,1.21376720,0.070
2649,Kepler-42,3,0.45328509,0.065
2650,Kepler-42,3,1.86516900,0.051
2654,Kepler-424,2,3.31186440,0.890
2661,Kepler-430,2,35.96800000,0.290
2662,Kepler-430,2,110.97900000,0.160
2663,Kepler-431,3,6.80300000,0.068
2664,Kepler-431,3,8.70300000,0.060
2665,Kepler-431,3,11.92200000,0.100
2666,Kepler-432,2,52.50112900,1.145
2671,Kepler-436,2,64.00205000,0.240
2672,Kepler-436,2,16.79713874,0.208
2681,Kepler-444,5,3.60010530,0.036
2682,Kepler-444,5,4.54588410,0.044
2683,Kepler-444,5,6.18939200,0.047
2684,Kepler-444,5,7.74349300,0.049
2685,Kepler-444,5,9.74048600,0.066
2686,Kepler-445,3,2.98415100,0.140
2687,Kepler-445,3,4.87122900,0.220
2688,Kepler-445,3,8.15275000,0.110
2689,Kepler-446,3,1.56540900,0.130
2690,Kepler-446,3,3.03617900,0.100
2691,Kepler-446,3,5.14892100,0.120
2693,Kepler-449,2,12.58242000,0.183
2694,Kepler-449,2,33.67270000,0.247
2696,Kepler-450,3,28.45485100,0.548
2697,Kepler-450,3,15.41313500,0.234
2698,Kepler-450,3,7.51464000,0.075
2701,Kepler-454,2,10.57375339,0.211
2703,KIC 9663113,2,20.74028413,0.375
2704,Kepler-46,3,33.60134000,0.808
2706,Kepler-46,3,6.76658900,0.146
2707,KIC 5437945,2,220.13033570,0.492
2713,Kepler-466,2,51.07926307,0.254
2714,Kepler-466,2,3.70921385,0.112
2717,Kepler-47,2,49.53200000,0.270
2718,Kepler-47,2,303.13700000,0.411
2729,Kepler-48,4,4.77800000,0.168
2730,Kepler-48,4,9.67395000,0.242
2731,Kepler-48,4,42.89610000,0.182
2740,Kepler-487,2,15.35876840,1.019
2741,Kepler-487,2,38.65199760,0.239
2744,Kepler-49,4,7.20379450,0.243
2745,Kepler-49,4,10.91293430,0.227
2746,Kepler-49,4,2.57654900,0.143
2747,Kepler-49,4,18.59610800,0.139
2759,Kepler-50,2,7.81254000,0.153
2760,Kepler-50,2,9.37647000,0.194
2771,Kepler-51,3,45.15400000,0.633
2772,Kepler-51,3,85.31200000,0.803
2773,Kepler-51,3,130.19400000,0.865
2784,Kepler-52,3,7.87735650,0.187
2785,Kepler-52,3,16.38500210,0.164
2786,Kepler-52,3,36.44517100,0.174
2787,Kepler-520,2,19.67416124,0.148
2788,Kepler-520,2,5.21104261,0.095
2792,Kepler-524,2,7.97419807,0.170
2793,Kepler-524,2,1.88897906,0.086
2798,Kepler-529,2,1.98035766,0.166
2799,Kepler-529,2,12.83450220,0.178
2800,Kepler-53,3,18.64895250,0.258
2801,Kepler-53,3,38.55830380,0.283
2802,Kepler-53,3,9.75196200,0.189
2812,Kepler-539,2,125.63243000,0.747
2814,Kepler-54,3,8.01094340,0.187
2815,Kepler-54,3,12.07172490,0.110
2816,Kepler-54,3,20.99569400,0.136
2826,Kepler-549,2,42.94956490,0.229
2827,Kepler-549,2,117.04049800,0.261
2828,Kepler-55,5,27.94814490,0.217
2829,Kepler-55,5,42.15164180,0.197
2830,Kepler-55,5,2.21109900,0.142
2831,Kepler-55,5,4.61753400,0.138
2832,Kepler-55,5,10.19854500,0.142
2836,Kepler-553,2,4.03046804,0.413
2837,Kepler-553,2,328.23995460,0.999
2844,Kepler-56,3,10.50160000,0.581
2845,Kepler-56,3,21.40239000,0.874
2848,Kepler-561,2,58.36204950,0.621
2849,Kepler-561,2,5.35016198,0.239
2858,Kepler-57,2,5.72931960,0.195
2859,Kepler-57,2,11.60925670,0.138
2870,Kepler-58,3,10.21849540,0.248
2871,Kepler-58,3,15.57415680,0.255
2872,Kepler-58,3,40.10137100,0.262
2883,Kepler-59,2,11.86817070,0.098
2884,Kepler-59,2,17.98012350,0.177
2896,Kepler-60,3,7.13340000,0.153
2897,Kepler-60,3,8.91870000,0.170
2898,Kepler-60,3,11.89810000,0.178
2902,Kepler-603,3,21.05358596,0.236
2903,Kepler-603,3,127.90757740,0.580
2904,Kepler-603,3,6.21712920,0.118
2906,Kepler-605,2,3.38353807,0.128
2907,Kepler-605,2,2.35895152,0.077
2913,Kepler-610,2,6.99692655,0.374
2914,Kepler-610,2,151.86392000,0.294
2920,Kepler-616,2,9.99761851,0.217
2921,Kepler-616,2,90.41135560,0.304
2924,Kepler-619,2,5.40427220,0.282
2925,Kepler-619,2,1.20846503,0.151
2926,Kepler-62,5,5.71493200,0.117
2927,Kepler-62,5,12.44170000,0.048
2928,Kepler-62,5,18.16406000,0.174
2929,Kepler-62,5,122.38740000,0.144
2930,Kepler-62,5,267.29100000,0.126
2936,Kepler-625,2,7.75192492,0.178
2937,Kepler-625,2,4.16536510,0.094
2963,Kepler-65,3,2.15491000,0.127
2964,Kepler-65,3,5.85994400,0.230
2965,Kepler-65,3,8.13123000,0.136
2969,Kepler-653,2,14.70748976,0.174
2970,Kepler-653,2,0.90037648,0.070
2999,Kepler-68,3,5.39875000,0.208
3000,Kepler-68,3,9.60504000,0.089
3012,Kepler-69,2,13.72234100,0.200
3013,Kepler-69,2,242.46130000,0.153
3037,Kepler-712,2,21.02247699,0.304
3038,Kepler-712,2,226.89047000,0.433
3048,Kepler-722,2,4.09357325,0.235
3049,Kepler-722,2,105.14474900,0.252
3059,Kepler-732,2,9.46781405,0.194
3060,Kepler-732,2,0.89304124,0.113
3080,Kepler-750,2,9.42887179,0.274
3081,Kepler-750,2,4.08899022,0.145
3086,Kepler-755,2,1.26909037,0.157
3087,Kepler-755,2,2.85313364,0.112
3090,Kepler-758,4,12.10971040,0.221
3091,Kepler-758,4,4.75793986,0.151
3092,Kepler-758,4,20.49661970,0.189
3093,Kepler-758,4,8.19347190,0.136
3096,Kepler-760,2,8.70419416,0.273
3097,Kepler-760,2,2.46697439,0.132
3106,Kepler-769,2,7.42608998,0.261
3107,Kepler-769,2,15.98701740,0.160
3109,Kepler-770,3,18.92540274,0.205
3110,Kepler-770,3,1.47532231,0.107
3111,Kepler-770,3,4.15244722,0.125
3132,Kepler-79,4,13.48450000,0.310
3133,Kepler-79,4,27.40290000,0.332
3134,Kepler-79,4,52.09020000,0.639
3135,Kepler-79,4,81.06590000,0.311
3147,Kepler-80,6,7.05246000,0.238
3148,Kepler-80,6,9.52355000,0.244
3149,Kepler-80,6,3.07222000,0.136
3150,Kepler-80,6,4.64489000,0.143
3151,Kepler-80,6,0.98678730,0.108
3152,Kepler-80,6,14.64558000,0.101
3157,Kepler-804,2,14.37457351,0.173
3158,Kepler-804,2,9.65185017,0.102
3164,Kepler-81,3,5.95500000,0.216
3165,Kepler-81,3,12.04000000,0.211
3166,Kepler-81,3,20.83784600,0.108
3177,Kepler-82,4,26.44400000,0.357
3178,Kepler-82,4,51.53800000,0.477
3179,Kepler-82,4,2.38296100,0.158
3180,Kepler-82,4,5.90220600,0.220
3186,Kepler-825,2,3.77360059,0.136
3187,Kepler-825,2,8.18182460,0.164
3192,Kepler-83,3,9.77000000,0.252
3193,Kepler-83,3,20.09000000,0.211
3194,Kepler-83,3,5.16979600,0.173
3205,Kepler-84,5,8.72600000,0.199
3206,Kepler-84,5,12.88300000,0.211
3207,Kepler-84,5,4.22453700,0.123
3208,Kepler-84,5,27.43438900,0.232
3209,Kepler-84,5,44.55216900,0.196
3220,Kepler-85,4,8.30600000,0.176
3221,Kepler-85,4,12.51300000,0.194
3222,Kepler-85,4,17.91323000,0.107
3223,Kepler-85,4,25.21675100,0.113
3244,Kepler-87,2,114.73635000,1.204
3245,Kepler-87,2,191.23180000,0.548
3263,Kepler-887,2,20.42228798,0.164
3264,Kepler-887,2,7.63846023,0.101
3277,Kepler-9,3,19.24000000,0.842
3278,Kepler-9,3,38.91000000,0.823
3279,Kepler-9,3,1.59285100,0.146
3283,Kepler-903,2,10.35077210,0.179
3284,Kepler-903,2,62.92285570,0.226
3302,Kepler-92,3,13.74900000,0.313
3303,Kepler-92,3,26.72300000,0.232
3304,Kepler-92,3,49.35680000,0.184
3305,Kepler-920,2,6.53192704,0.216
3306,Kepler-920,2,100.82741130,0.339
3316,Kepler-93,2,4.72673978,0.132
3325,Kepler-937,2,67.66882700,0.332
3326,Kepler-937,2,153.34336400,0.238
3329,Kepler-94,2,2.50806000,0.313
3345,Kepler-953,2,88.40655258,0.376
3346,Kepler-953,2,9.10967112,0.106
3361,Kepler-967,2,13.22713379,0.210
3362,Kepler-967,2,198.71125020,0.326
3363,Kepler-968,2,3.69298373,0.178
3364,Kepler-968,2,5.70940492,0.151
3365,Kepler-969,2,34.17317140,0.185
3366,Kepler-969,2,1.68293460,0.088
3367,Kepler-97,2,2.58664000,0.132
3391,Kepler-990,2,9.91723428,0.232
3392,Kepler-990,2,0.53835431,0.136
3511,TRAPPIST-1,7,1.51087081,0.097
3512,TRAPPIST-1,7,2.42182330,0.094
3513,TRAPPIST-1,7,4.04961000,0.069
3514,TRAPPIST-1,7,6.09961500,0.082
3515,TRAPPIST-1,7,9.20669000,0.093
3516,TRAPPIST-1,7,12.35294000,0.101
3517,TRAPPIST-1,7,18.76700000,0.067
3602,WASP-41,2,3.05240400,1.180
3609,WASP-47,4,4.16071000,1.150
3611,WASP-47,4,9.09500000,0.331
3612,WASP-47,4,0.78963600,0.162
3648,WASP-8,2,8.15871500,1.038
