78,CoRoT-24,b,2,5.11340000,0.01800,0.330,0.91,11.000
79,CoRoT-24,c,2,11.75900000,0.08800,0.440,0.91,11.000
98,EPIC 220674823,b,2,0.57133600,0.02832,0.162,0.92,
99,EPIC 220674823,c,2,13.33870000,0.01793,0.247,0.92,
158,GJ 9827,b,3,1.20895700,,0.156,0.66,
159,GJ 9827,c,3,3.64802000,,0.121,0.66,
160,GJ 9827,d,3,6.20141000,,0.187,0.66,
288,HD 106315,b,2,9.55385000,,0.214,1.03,5.910
289,HD 106315,c,2,21.05800000,,0.393,1.03,5.910
528,HD 219134,b,6,3.09292600,0.01491,0.143,0.81,11.000
529,HD 219134,c,6,6.76458000,0.01372,0.135,0.81,11.000
531,HD 219134,f,6,22.71700000,0.02297,0.117,0.81,11.000
530,HD 219134,d,6,46.85900000,0.05088,0.144,0.81,11.000
580,HD 3167,b,3,0.95964100,0.01579,0.152,0.86,
581,HD 3167,c,3,29.84540000,0.03083,0.269,0.86,
741,HIP 41378,b,5,15.57120000,,0.259,1.15,
742,HIP 41378,c,5,31.69780000,,0.228,1.15,
744,HIP 41378,e,5,131.00000000,,0.492,1.15,
743,HIP 41378,d,5,156.00000000,,0.353,1.15,
745,HIP 41378,f,5,324.00000000,,0.910,1.15,
789,K2-117,b,2,1.29150500,,0.175,0.58,
790,K2-117,c,2,5.44482000,,0.181,0.58,
808,K2-133,b,3,3.07120000,,0.117,0.51,
809,K2-133,c,3,4.86820000,,0.132,0.51,
810,K2-133,d,3,11.02340000,,0.180,0.51,
811,K2-136,b,3,7.97529200,,0.088,0.74,
812,K2-136,c,3,17.30713700,,0.260,0.74,
813,K2-136,d,3,25.57506500,,0.129,0.74,
815,K2-138,b,5,2.35322000,,0.140,0.93,
816,K2-138,c,5,3.55987000,,0.225,0.93,
817,K2-138,d,5,5.40478000,,0.237,0.93,
818,K2-138,e,5,8.26144000,,0.294,0.93,
819,K2-138,f,5,12.75759000,,0.251,0.93,
823,K2-141,b,2,0.28032440,0.01598,0.135,0.71,6.300
824,K2-141,c,2,7.74850000,0.02328,0.624,0.71,6.300
827,K2-148,b,3,4.38395000,,0.119,0.65,
828,K2-148,c,3,6.92260000,,0.154,0.65,
829,K2-148,d,3,9.75790000,,0.146,0.65,
836,K2-154,b,2,3.67635000,,0.199,0.67,
837,K2-154,c,2,7.95478000,,0.187,0.67,
838,K2-155,b,3,6.34365000,,0.138,0.54,
839,K2-155,c,3,13.85402000,,0.174,0.54,
840,K2-155,d,3,40.68350000,,0.146,0.54,
845,K2-16,b,2,7.61880000,,0.180,0.68,
846,K2-16,c,2,19.07863000,,0.227,0.68,
852,K2-165,b,3,2.35499200,,0.114,0.83,
853,K2-165,c,3,4.38274500,,0.139,0.83,
854,K2-165,d,3,14.10136100,,0.236,0.83,
860,K2-170,b,2,7.57654400,,0.127,0.96,
861,K2-170,c,2,12.40004700,,0.161,0.96,
863,K2-172,b,2,14.31694100,,0.149,0.93,
864,K2-172,c,2,29.62682000,,0.286,0.93,
877,K2-183,b,3,0.46926900,,0.232,0.94,
878,K2-183,c,3,10.79347100,,0.224,0.94,
879,K2-183,d,3,22.62949600,,0.227,0.94,
883,K2-187,b,4,0.77398100,,0.123,0.97,
884,K2-187,c,4,2.87178800,,0.152,0.97,
885,K2-187,d,4,7.14907900,,0.287,0.97,
886,K2-187,e,4,13.60834100,,0.201,0.97,
887,K2-188,b,2,1.74298300,,0.112,1.11,
888,K2-188,c,2,7.80759500,,0.234,1.11,
889,K2-189,b,2,5.17630000,,0.135,0.93,
890,K2-189,c,2,6.67934000,,0.222,0.93,
893,K2-19,d,3,2.50856000,,0.102,0.93,
891,K2-19,b,3,7.91940000,,0.691,0.93,
892,K2-19,c,3,11.90715000,,0.434,0.93,
894,K2-190,b,2,10.09885800,,0.121,0.90,
895,K2-190,c,2,21.57402300,,0.098,0.90,
905,K2-199,b,2,3.22542300,,0.168,0.71,
906,K2-199,c,2,7.37449700,,0.253,0.71,
908,K2-201,b,2,1.05979000,,0.125,0.96,
909,K2-201,c,2,22.77987800,,0.293,0.96,
918,K2-21,b,2,9.32503800,,0.164,0.68,
919,K2-21,c,2,15.50192000,,0.222,0.68,
929,K2-219,b,3,3.90128700,,0.120,1.02,
930,K2-219,c,3,6.66767000,,0.128,1.02,
931,K2-219,d,3,11.13727800,,0.230,1.02,
936,K2-223,b,2,0.50557000,,0.081,1.07,
937,K2-223,c,2,4.56416900,,0.144,1.07,
943,K2-229,b,2,0.58424900,0.00815,0.104,0.84,5.400
944,K2-229,c,2,8.32834000,0.06702,0.189,0.84,5.400
948,K2-24,b,2,20.88508000,,0.520,1.12,
949,K2-24,c,2,42.36342000,,0.723,1.12,
955,K2-3,b,3,10.05449000,,0.194,0.60,
956,K2-3,c,3,24.64354000,,0.165,0.60,
957,K2-3,d,3,44.55983000,,0.135,0.60,
960,K2-32,b,3,8.99213000,0.05191,0.458,0.86,7.900
961,K2-32,c,3,20.66020000,0.03807,0.269,0.86,7.900
962,K2-32,d,3,31.71540000,0.03241,0.306,0.86,7.900
966,K2-35,c,2,2.39996400,,0.118,0.70,
965,K2-35,b,2,5.60835200,,0.172,0.70,
967,K2-36,b,2,1.42266000,,0.118,0.80,
968,K2-36,c,2,5.34059000,,0.250,0.80,
969,K2-37,b,3,4.44117000,,0.144,0.90,
970,K2-37,c,3,6.42904000,,0.245,0.90,
971,K2-37,d,3,14.09189000,,0.244,0.90,
972,K2-38,b,2,4.01593000,0.03776,0.138,1.07,
973,K2-38,c,2,10.56103000,0.03115,0.216,1.07,
984,K2-5,b,2,5.73594000,,0.170,0.61,
985,K2-5,c,2,10.93241000,,0.202,0.61,
993,K2-58,c,3,2.53726000,,0.145,0.89,
992,K2-58,b,3,7.05254000,,0.239,0.89,
994,K2-58,d,3,22.88270000,,0.153,0.89,
996,K2-59,c,2,11.29540000,,0.205,0.77,
995,K2-59,b,2,20.69210000,,0.215,0.77,
1000,K2-62,b,2,6.67202000,,0.191,0.77,
1001,K2-62,c,2,16.19660000,,0.191,0.77,
1011,K2-72,b,4,5.57721200,,0.096,0.27,
1013,K2-72,d,4,7.76017800,,0.090,0.27,
1012,K2-72,c,4,15.18903400,,0.103,0.27,
1014,K2-72,e,4,24.15886800,,0.115,0.27,
1017,K2-75,b,2,7.81420000,,0.238,1.16,
1018,K2-75,c,2,18.31100000,,0.247,1.16,
1022,K2-8,c,2,5.06416000,,0.215,0.78,
1021,K2-8,b,2,10.35239000,,0.319,0.78,
1025,K2-80,c,3,5.60500000,,0.131,0.90,
1024,K2-80,b,3,19.09180000,,0.179,0.90,
1023,K2-80,d,3,28.86725300,,0.228,0.90,
1027,K2-83,b,2,2.74697000,,0.111,0.48,
1028,K2-83,c,2,9.99767000,,0.132,0.48,
1029,K2-84,b,2,6.42150000,,0.215,0.95,
1030,K2-84,c,2,27.86000000,,0.181,0.95,
1038,K2-90,c,2,2.90070600,,0.116,0.70,
1037,K2-90,b,2,13.73490700,,0.226,0.70,
1072,KOI-7892,b,2,31.80990000,,0.366,1.04,
1073,KOI-7892,c,2,75.20000000,,0.214,1.04,
1081,KOI-351,b,8,7.00815100,,0.117,1.20,
1082,KOI-351,c,8,8.71937500,,0.106,1.20,
1088,KOI-351,i,8,14.44912000,,0.118,1.20,
1083,KOI-351,d,8,59.73667000,,0.256,1.20,
1084,KOI-351,e,8,91.93913000,,0.237,1.20,
1085,KOI-351,f,8,124.91440000,,0.257,1.20,
1086,KOI-351,g,8,210.60697000,,0.723,1.20,
1087,KOI-351,h,8,331.60059000,,1.008,1.20,
1089,KOI-55,b,2,0.24010400,0.00140,0.068,0.50,
1090,KOI-55,c,2,0.34288700,0.00210,0.077,0.50,
1091,KOI-94,b,4,3.74320800,0.03300,0.153,1.28,3.160
1092,KOI-94,c,4,10.42364800,0.04900,0.385,1.28,3.160
1093,KOI-94,d,4,22.34298900,0.33400,1.005,1.28,3.160
1094,KOI-94,e,4,54.32031000,0.11000,0.585,1.28,3.160
1096,Kepler-10,b,2,0.83749100,0.01450,0.132,0.91,
1097,Kepler-10,c,2,45.29430100,0.05400,0.210,0.91,
1098,Kepler-100,b,3,6.88705000,0.02300,0.118,1.08,6.460
1099,Kepler-100,c,3,12.81590000,,0.196,1.08,6.460
1100,Kepler-100,d,3,35.33310000,,0.144,1.08,6.460
1111,Kepler-101,b,2,3.48768120,0.16000,0.510,1.17,5.900
1112,Kepler-101,c,2,6.02976000,0.01000,0.112,1.17,5.900
1119,Kepler-1016,b,2,1.95452434,,0.194,0.99,3.890
1120,Kepler-1016,c,2,105.65513690,,0.328,0.99,3.890
1124,Kepler-102,b,5,5.28696000,,0.042,0.81,1.410
1125,Kepler-102,c,5,7.07142000,,0.052,0.81,1.410
1126,Kepler-102,d,5,10.31170000,0.01200,0.105,0.81,1.410
1127,Kepler-102,e,5,16.14570000,0.02800,0.198,0.81,1.410
1128,Kepler-102,f,5,27.45360000,,0.079,0.81,1.410
1139,Kepler-103,b,2,15.96540000,0.03100,0.301,1.09,5.700
1140,Kepler-103,c,2,179.61200000,0.11400,0.459,1.09,5.700
1151,Kepler-104,b,3,11.42754800,,0.277,0.81,
1152,Kepler-104,c,3,23.66820500,,0.279,0.81,
1153,Kepler-104,d,3,51.75539400,,0.319,0.81,
1162,Kepler-1047,c,2,3.18897601,,0.088,1.08,4.470
1161,Kepler-1047,b,2,56.18868870,,0.186,1.08,4.470
1165,Kepler-105,b,2,5.41220000,,0.429,0.96,
1166,Kepler-105,c,2,7.12620000,0.01447,0.117,0.96,
1167,Kepler-1050,b,2,15.37875460,,0.143,1.09,3.550
1168,Kepler-1050,c,2,21.12845690,,0.132,1.09,3.550
1178,Kepler-106,b,4,6.16486000,,0.073,1.00,4.830
1179,Kepler-106,c,4,13.57080000,0.03300,0.223,1.00,4.830
1180,Kepler-106,d,4,23.98020000,,0.085,1.00,4.830
1181,Kepler-106,e,4,43.84450000,0.03500,0.228,1.00,4.830
1188,Kepler-1065,c,2,2.37030743,,0.143,0.94,4.470
1187,Kepler-1065,b,2,3.60930891,,0.333,0.94,4.470
1193,Kepler-107,b,4,3.17999700,,0.139,,
1194,Kepler-107,c,4,4.90142500,,0.161,,
1195,Kepler-107,d,4,7.95820300,,0.095,,
1196,Kepler-107,e,4,14.74904900,,0.308,,
1208,Kepler-108,b,2,49.18392100,,0.772,0.87,
1209,Kepler-108,c,2,190.32349400,,0.730,0.87,
1221,Kepler-109,b,2,6.48163000,,0.211,1.04,5.730
1222,Kepler-109,c,2,21.22270000,,0.225,1.04,5.730
1226,Kepler-1093,b,2,25.08246260,,0.174,1.13,2.950
1227,Kepler-1093,c,2,89.72229200,,0.175,1.13,2.950
1234,Kepler-11,b,6,10.30390000,0.00600,0.161,0.96,8.500
1235,Kepler-11,c,6,13.02410000,0.00900,0.256,0.96,8.500
1236,Kepler-11,d,6,22.68450000,0.02300,0.278,0.96,8.500
1237,Kepler-11,e,6,31.99960000,0.02500,0.374,0.96,8.500
1238,Kepler-11,f,6,46.68880000,0.00600,0.222,0.96,8.500
1239,Kepler-11,g,6,118.38070000,0.07900,0.297,0.96,8.500
1240,Kepler-110,b,2,12.69111200,,0.163,,
1241,Kepler-110,c,2,31.71977500,,0.197,,
1252,Kepler-111,b,2,3.34181500,,0.141,,
1253,Kepler-111,c,2,224.78460800,,0.651,,
1264,Kepler-112,b,2,8.40887800,,0.211,,
1265,Kepler-112,c,2,28.57426300,,0.214,,
1277,Kepler-113,b,2,4.75400000,0.03700,0.162,0.75,6.890
1278,Kepler-113,c,2,8.92507000,,0.194,0.75,6.890
1289,Kepler-114,b,3,5.18854900,,0.112,0.56,
1290,Kepler-114,c,3,8.04100000,0.00900,0.143,0.56,
1291,Kepler-114,d,3,11.77600000,0.01200,0.226,0.56,
1295,Kepler-1143,b,2,2.88890485,,0.149,0.81,4.790
1296,Kepler-1143,c,2,210.63059100,,0.321,0.81,4.790
1303,Kepler-115,b,2,2.40367900,,0.097,1.00,
1304,Kepler-115,c,2,8.99088900,,0.232,1.00,
1309,Kepler-1154,b,2,5.18561420,,0.209,1.26,2.290
1310,Kepler-1154,c,2,8.45808312,,0.211,1.26,2.290
1316,Kepler-116,b,2,5.96873400,,0.305,1.16,
1317,Kepler-116,c,2,13.07163000,,0.205,1.16,
1328,Kepler-117,b,2,18.79592280,0.09400,0.719,1.13,5.300
1329,Kepler-117,c,2,50.79039100,1.84000,1.101,1.13,5.300
1340,Kepler-118,b,2,7.51849600,,0.175,0.86,
1341,Kepler-118,c,2,20.17202000,,0.685,0.86,
1352,Kepler-119,b,2,2.42208200,,0.321,,
1353,Kepler-119,c,2,4.12510300,,0.082,,
1365,Kepler-120,b,2,6.31250100,,0.192,,
1366,Kepler-120,c,2,12.79458500,,0.136,,
1377,Kepler-121,b,2,3.17742200,,0.209,,
1378,Kepler-121,c,2,41.00801100,,0.203,,
1389,Kepler-122,b,5,5.76619300,,0.209,0.99,
1390,Kepler-122,c,5,12.46598800,,0.524,0.99,
1391,Kepler-122,d,5,21.58747500,,0.196,0.99,
1392,Kepler-122,e,5,37.99327300,,0.232,0.99,
1393,Kepler-122,f,5,56.26800000,0.11300,0.156,0.99,
1404,Kepler-123,b,2,17.23236600,,0.262,1.03,
1405,Kepler-123,c,2,26.69507400,,0.132,1.03,
1416,Kepler-124,b,3,3.41049300,,0.065,,
1417,Kepler-124,c,3,13.82137500,,0.156,,
1418,Kepler-124,d,3,30.95085100,,0.099,,
1425,Kepler-1245,c,2,2.93658468,,0.128,0.86,4.570
1424,Kepler-1245,b,2,4.35409304,,0.128,0.86,4.570
1430,Kepler-125,b,2,4.16438900,,0.211,0.55,
1431,Kepler-125,c,2,5.77446400,,0.066,0.55,
1437,Kepler-1254,c,3,3.60084276,,0.116,0.78,5.620
1438,Kepler-1254,d,3,5.72717226,,0.117,0.78,5.620
1436,Kepler-1254,b,3,9.99113313,,0.138,0.78,5.620
1444,Kepler-126,b,3,10.49571100,,0.136,,
1445,Kepler-126,c,3,21.86974100,,0.141,,
1446,Kepler-126,d,3,100.28313400,,0.223,,
1457,Kepler-127,b,3,14.43588900,,0.125,,
1458,Kepler-127,c,3,29.39319500,,0.237,,
1459,Kepler-127,d,3,48.63040800,,0.236,,
1470,Kepler-128,b,2,15.09000000,0.09700,0.101,1.18,
1471,Kepler-128,c,2,22.80400000,0.10500,0.101,1.18,
1482,Kepler-129,b,2,15.79186000,,0.211,1.18,
1483,Kepler-129,c,2,82.20017000,,0.227,1.18,
1494,Kepler-130,b,3,8.45745800,,0.091,1.00,
1495,Kepler-130,c,3,27.50868000,,0.259,1.00,
1496,Kepler-130,d,3,87.51790500,,0.146,1.00,
1507,Kepler-131,b,2,16.09200000,0.05100,0.215,1.02,3.660
1508,Kepler-131,c,2,25.51690000,0.02600,0.075,1.02,3.660
1511,Kepler-1311,c,2,2.53573424,,0.109,1.05,7.590
1510,Kepler-1311,b,2,11.17269940,,0.111,1.05,7.590
1520,Kepler-132,b,4,6.17819600,,0.108,,
1521,Kepler-132,c,4,6.41491400,,0.114,,
1522,Kepler-132,d,4,18.01019900,,0.138,,
1523,Kepler-132,e,4,110.28693740,,0.105,,
1526,Kepler-1321,c,2,2.22649109,,0.214,0.54,4.170
1525,Kepler-1321,b,2,11.12830484,,0.439,0.54,4.170
1535,Kepler-133,b,2,8.12997600,,0.157,,
1536,Kepler-133,c,2,31.51758600,,0.253,,
1548,Kepler-134,b,2,5.31742900,,0.178,,
1549,Kepler-134,c,2,10.10578500,,0.112,,
1560,Kepler-135,b,2,6.00253000,,0.161,,
1561,Kepler-135,c,2,11.44870800,,0.103,,
1563,Kepler-1350,c,2,1.76678906,,0.154,0.55,4.570
1562,Kepler-1350,b,2,4.49686040,,0.225,0.55,4.570
1573,Kepler-136,b,2,11.57890000,,0.183,1.20,
1574,Kepler-136,c,2,16.39923500,,0.178,1.20,
1581,Kepler-1365,c,2,4.77468005,,0.071,1.00,6.030
1580,Kepler-1365,b,2,7.69993485,,0.082,1.00,6.030
1586,Kepler-137,b,2,8.43638700,,0.131,,
1587,Kepler-137,c,2,18.73575300,,0.168,,
1589,Kepler-1370,c,2,7.44142113,,0.113,1.19,2.880
1588,Kepler-1370,b,2,20.26416840,,0.164,1.19,2.880
1591,Kepler-1371,c,2,2.00541269,,0.057,0.87,4.370
1590,Kepler-1371,b,2,3.44620390,,0.065,0.87,4.370
1600,Kepler-138,b,3,10.31260000,0.00021,0.047,0.52,
1601,Kepler-138,c,3,13.78130000,0.00620,0.107,0.52,
1602,Kepler-138,d,3,23.08810000,0.00201,0.108,0.52,
1612,Kepler-1388,c,4,5.53608151,,0.202,0.63,4.470
1611,Kepler-1388,b,4,12.28546030,,0.231,0.63,4.470
1613,Kepler-1388,d,4,20.95681580,,0.255,0.63,4.470
1614,Kepler-1388,e,4,37.63270840,,0.219,0.63,4.470
1616,Kepler-139,b,2,15.77104400,,0.262,1.08,
1617,Kepler-139,c,2,157.07287800,,0.302,1.08,
1626,Kepler-1398,b,2,2.78815679,,0.080,1.13,3.090
1627,Kepler-1398,c,2,4.13827595,,0.092,1.13,3.090
1630,Kepler-140,b,2,3.25427000,,0.144,,
1631,Kepler-140,c,2,91.35328200,,0.161,,
1642,Kepler-141,b,2,3.10767500,,0.062,1.00,
1643,Kepler-141,c,2,7.01060600,,0.126,1.00,
1654,Kepler-142,b,3,2.02415200,,0.178,0.99,
1655,Kepler-142,c,3,4.76170200,,0.255,0.99,
1656,Kepler-142,d,3,41.80911800,,0.193,0.99,
1667,Kepler-143,b,2,16.00758300,,0.215,,
1668,Kepler-143,c,2,27.08251100,,0.301,,
1679,Kepler-144,b,2,5.88527300,,0.119,1.03,
1680,Kepler-144,c,2,10.10466500,,0.120,1.03,
1691,Kepler-145,b,2,22.95100000,0.11700,0.236,1.32,
1692,Kepler-145,c,2,42.88200000,0.25000,0.385,1.32,
1703,Kepler-146,b,2,31.15879900,,0.331,,
1704,Kepler-146,c,2,76.73217100,,0.279,,
1710,Kepler-1464,c,2,5.32786292,,0.089,1.02,3.890
1709,Kepler-1464,b,2,31.77859010,,0.148,1.02,3.890
1715,Kepler-1468,c,2,3.54553021,,0.103,1.04,3.550
1714,Kepler-1468,b,2,8.23984869,,0.154,1.04,3.550
1717,Kepler-147,b,2,12.61058400,,0.136,1.01,
1718,Kepler-147,c,2,33.41642300,,0.217,1.01,
1729,Kepler-148,b,3,1.72936600,,0.161,,
1730,Kepler-148,c,3,4.18004300,,0.321,,
1731,Kepler-148,d,3,51.84688575,,0.774,,
1742,Kepler-149,b,3,29.19894300,,0.376,,
1743,Kepler-149,c,3,55.32832800,,0.144,,
1744,Kepler-149,d,3,160.01803200,,0.353,,
1756,Kepler-150,b,5,3.42805400,,0.112,,
1757,Kepler-150,c,5,7.38199800,,0.329,,
1758,Kepler-150,d,5,12.56093000,,0.249,,
1759,Kepler-150,e,5,30.82655700,,0.278,,
1760,Kepler-150,f,5,637.20930000,,0.325,,
1771,Kepler-151,b,2,15.22895800,,0.273,0.83,
1772,Kepler-151,c,2,24.67461200,,0.186,0.83,
1783,Kepler-152,b,2,18.20797300,,0.249,,
1784,Kepler-152,c,2,88.25505500,,0.213,,
1795,Kepler-153,b,2,18.87022700,,0.261,,
1796,Kepler-153,c,2,46.90232000,,0.226,,
1797,Kepler-1530,b,2,2.59044340,,0.146,0.92,4.270
1798,Kepler-1530,c,2,5.32274060,,0.147,0.92,4.270
1811,Kepler-154,e,5,3.93276465,,0.134,0.89,
1812,Kepler-154,f,5,9.91935684,,0.134,0.89,
1810,Kepler-154,d,5,20.54981883,,0.343,0.89,
1808,Kepler-154,b,5,33.04053200,,0.202,0.89,
1809,Kepler-154,c,5,62.30327600,,0.263,0.89,
1816,Kepler-1542,c,4,2.89223021,,0.058,0.94,8.510
1815,Kepler-1542,b,4,3.95116882,,0.068,0.94,8.510
1818,Kepler-1542,e,4,5.10115756,,0.068,0.94,8.510
1817,Kepler-1542,d,4,5.99273738,,0.078,0.94,8.510
1826,Kepler-155,b,2,5.93119400,,0.186,0.58,
1827,Kepler-155,c,2,52.66179300,,0.200,0.58,
1838,Kepler-156,b,2,4.97345600,,0.205,,
1839,Kepler-156,c,2,15.90680100,,0.227,,
1850,Kepler-157,b,3,1.73234200,,0.118,,
1852,Kepler-157,d,3,7.02573474,,0.130,,
1851,Kepler-157,c,3,13.54050000,,0.200,,
1863,Kepler-158,b,2,16.70918400,,0.189,,
1864,Kepler-158,c,2,28.55138300,,0.170,,
1875,Kepler-159,b,2,10.13962300,,0.212,,
1876,Kepler-159,c,2,43.59579200,,0.304,,
1888,Kepler-160,b,2,4.30942700,,0.137,,
1889,Kepler-160,c,2,13.69908700,,0.322,,
1900,Kepler-161,b,2,4.92135500,,0.189,0.77,
1901,Kepler-161,c,2,7.06424000,,0.183,0.77,
1912,Kepler-162,b,2,6.91979800,,0.112,,
1913,Kepler-162,c,2,19.44635500,,0.270,,
1924,Kepler-163,b,2,7.81093700,,0.094,0.96,
1925,Kepler-163,c,2,21.34726200,,0.202,0.96,
1936,Kepler-164,b,3,5.03503000,,0.126,1.11,
1937,Kepler-164,c,3,10.94572300,,0.244,1.11,
1938,Kepler-164,d,3,28.98676900,,0.219,1.11,
1940,Kepler-1641,b,2,19.67226600,,0.277,1.12,3.020
1941,Kepler-1641,c,2,32.65721200,,0.263,1.12,3.020
1943,Kepler-1642,c,2,6.65138020,,0.237,0.88,4.470
1942,Kepler-1642,b,2,12.20575130,,0.285,0.88,4.470
1950,Kepler-165,b,2,8.18084800,,0.207,,
1951,Kepler-165,c,2,15.31299000,,0.199,,
1960,Kepler-166,d,3,1.55400393,,0.154,,
1958,Kepler-166,b,3,7.65025400,,0.203,,
1959,Kepler-166,c,3,34.26028100,,0.212,,
1961,Kepler-167,b,4,4.39316320,,0.144,0.77,3.300
1962,Kepler-167,c,4,7.40611400,,0.138,0.77,3.300
1963,Kepler-167,d,4,21.80385500,,0.107,0.77,3.300
1964,Kepler-167,e,4,1071.23228000,,0.906,0.77,3.300
1965,Kepler-168,b,2,4.42539100,,0.130,,
1966,Kepler-168,c,2,13.19324200,,0.240,,
1967,Kepler-169,b,5,3.25061900,,0.101,0.86,
1968,Kepler-169,c,5,6.19546900,,0.108,0.86,
1969,Kepler-169,d,5,8.34812500,,0.112,0.86,
1970,Kepler-169,e,5,13.76710200,,0.196,0.86,
1971,Kepler-169,f,5,87.09019500,,0.230,0.86,
1973,Kepler-170,b,2,7.93059200,,0.285,,
1974,Kepler-170,c,2,16.66586300,,0.255,,
1975,Kepler-171,b,3,4.16697200,,0.209,,
1976,Kepler-171,c,3,11.46346200,,0.228,,
1977,Kepler-171,d,3,39.59551900,,0.169,,
1978,Kepler-172,b,4,2.94030900,,0.210,0.86,
1979,Kepler-172,c,4,6.38899600,,0.255,0.86,
1980,Kepler-172,d,4,14.62711900,,0.201,0.86,
1981,Kepler-172,e,4,35.11873600,,0.246,0.86,
1982,Kepler-173,b,2,4.26374200,,0.115,0.78,
1983,Kepler-173,c,2,8.00577700,,0.217,0.78,
1984,Kepler-174,b,3,13.98179000,,0.175,,
1985,Kepler-174,c,3,44.00052900,,0.133,,
1986,Kepler-174,d,3,247.35373000,,0.195,,
1987,Kepler-175,b,2,11.90351500,,0.228,1.04,
1988,Kepler-175,c,2,34.03525700,,0.277,1.04,
1989,Kepler-176,b,4,5.43307400,,0.128,,
1990,Kepler-176,c,4,12.75971200,,0.232,,
1991,Kepler-176,d,4,25.75197400,,0.224,,
1992,Kepler-176,e,4,51.16579000,,0.129,,
1993,Kepler-177,b,2,36.85500000,0.00600,0.259,1.07,
1994,Kepler-177,c,2,49.41200000,0.02400,0.633,1.07,
1995,Kepler-178,b,3,9.57669400,,0.259,,
1996,Kepler-178,c,3,20.55280200,,0.257,,
1997,Kepler-178,d,3,96.67898800,,0.352,,
1998,Kepler-179,b,2,2.73592600,,0.146,,
1999,Kepler-179,c,2,6.40013000,,0.178,,
2000,Kepler-18,b,3,3.50472500,0.02200,0.178,0.97,10.000
2001,Kepler-18,c,3,7.64159000,0.05400,0.490,0.97,10.000
2002,Kepler-18,d,3,14.85888000,0.05200,0.623,0.97,10.000
2003,Kepler-180,b,2,13.81712400,,0.134,0.84,
2004,Kepler-180,c,2,41.88577500,,0.269,0.84,
2005,Kepler-181,b,2,3.13787300,,0.113,,
2006,Kepler-181,c,2,4.30214900,,0.178,,
2007,Kepler-182,b,2,9.82579200,,0.230,1.14,
2008,Kepler-182,c,2,20.68434200,,0.306,1.14,
2009,Kepler-183,b,2,5.68794500,,0.184,,
2010,Kepler-183,c,2,11.63707100,,0.203,,
2011,Kepler-184,b,3,10.68757600,,0.211,,
2012,Kepler-184,c,3,20.30300500,,0.176,,
2013,Kepler-184,d,3,29.02235800,,0.222,,
2014,Kepler-185,b,2,1.63290000,,0.104,0.79,
2015,Kepler-185,c,2,20.72904200,,0.180,0.79,
2016,Kepler-186,b,5,3.88679070,,0.095,0.54,4.000
2017,Kepler-186,c,5,7.26730200,,0.112,0.54,4.000
2018,Kepler-186,d,5,13.34299600,,0.125,0.54,4.000
2019,Kepler-186,e,5,22.40770400,,0.113,0.54,4.000
2020,Kepler-186,f,5,129.94410000,,0.104,0.54,4.000
2021,Kepler-187,b,2,4.93886400,,0.126,0.85,
2022,Kepler-187,c,2,10.64026300,,0.238,0.85,
2023,Kepler-188,b,2,2.06189700,,0.150,,
2024,Kepler-188,c,2,5.99655300,,0.285,,
2025,Kepler-189,b,2,10.39993100,,0.108,0.79,
2026,Kepler-189,c,2,20.13486600,,0.212,0.79,
2030,Kepler-190,b,2,2.01999900,,0.139,0.84,
2031,Kepler-190,c,2,3.76302400,,0.130,0.84,
2034,Kepler-191,d,3,5.94504102,,0.203,0.85,
2032,Kepler-191,b,3,9.93963200,,0.120,0.85,
2033,Kepler-191,c,3,17.73850600,,0.166,0.85,
2037,Kepler-192,d,3,6.47027579,,0.091,,
2035,Kepler-192,b,3,9.92674600,,0.244,,
2036,Kepler-192,c,3,21.22340000,,0.249,,
2038,Kepler-193,b,2,11.38848000,,0.213,,
2039,Kepler-193,c,2,50.69749400,,0.245,,
2040,Kepler-194,b,3,2.09228100,,0.135,,
2041,Kepler-194,c,3,17.30803200,,0.231,,
2042,Kepler-194,d,3,52.81497300,,0.214,,
2043,Kepler-195,b,2,8.30787200,,0.181,,
2044,Kepler-195,c,2,34.09686300,,0.138,,
2045,Kepler-196,b,2,20.73988600,,0.170,,
2046,Kepler-196,c,2,47.42773700,,0.200,,
2047,Kepler-197,b,4,5.59930800,,0.091,,
2048,Kepler-197,c,4,10.34969500,,0.110,,
2049,Kepler-197,d,4,15.67756300,,0.109,,
2050,Kepler-197,e,4,25.20971500,,0.081,,
2053,Kepler-198,d,3,1.31184443,,0.136,0.93,
2051,Kepler-198,b,3,17.79003700,,0.252,0.93,
2052,Kepler-198,c,3,49.56741600,,0.220,0.93,
2054,Kepler-199,b,2,23.63760400,,0.277,,
2055,Kepler-199,c,2,67.09340800,,0.290,,
2056,Kepler-20,b,6,3.69611525,0.03052,0.167,0.95,7.600
2059,Kepler-20,e,6,6.09852281,,0.077,0.95,7.600
2057,Kepler-20,c,6,10.85409089,0.04012,0.272,0.95,7.600
2060,Kepler-20,f,6,19.57758478,,0.089,0.95,7.600
2058,Kepler-20,d,6,77.61130017,0.03168,0.245,0.95,7.600
2062,Kepler-200,b,2,8.59480500,,0.190,,
2063,Kepler-200,c,2,10.22215700,,0.142,,
2064,Kepler-201,b,2,25.67208300,,0.219,1.17,
2065,Kepler-201,c,2,151.88405800,,0.254,1.17,
2066,Kepler-202,b,2,4.06942700,,0.145,,
2067,Kepler-202,c,2,16.28249300,,0.165,,
2068,Kepler-203,b,3,3.16269700,,0.229,0.98,
2069,Kepler-203,c,3,5.37064700,,0.220,0.98,
2070,Kepler-203,d,3,11.32972000,,0.128,0.98,
2071,Kepler-204,b,2,14.40097400,,0.226,0.96,
2072,Kepler-204,c,2,25.66059300,,0.160,0.96,
2073,Kepler-205,b,2,2.75564000,,0.135,,
2074,Kepler-205,c,2,20.30654600,,0.146,,
2075,Kepler-206,b,3,7.78198700,,0.107,0.94,
2076,Kepler-206,c,3,13.13747100,,0.158,0.94,
2077,Kepler-206,d,3,23.44281000,,0.106,0.94,
2078,Kepler-207,b,3,1.61186500,,0.140,,
2079,Kepler-207,c,3,3.07157100,,0.134,,
2080,Kepler-207,d,3,5.86807500,,0.295,,
2081,Kepler-208,b,4,4.22864000,,0.145,1.03,
2082,Kepler-208,c,4,7.46662300,,0.124,1.03,
2083,Kepler-208,d,4,11.13178600,,0.107,1.03,
2084,Kepler-208,e,4,16.25945800,,0.132,1.03,
2085,Kepler-209,b,2,16.08784500,,0.202,,
2086,Kepler-209,c,2,41.74988200,,0.277,,
2088,Kepler-210,b,2,2.45323400,,0.262,,
2089,Kepler-210,c,2,7.97251300,,0.323,,
2090,Kepler-211,b,2,4.13857500,,0.112,0.97,
2091,Kepler-211,c,2,6.04045000,,0.115,0.97,
2092,Kepler-212,b,2,16.25758200,,0.097,1.16,
2093,Kepler-212,c,2,31.80517400,,0.244,1.16,
2094,Kepler-213,b,2,2.46236000,,0.145,0.94,
2095,Kepler-213,c,2,4.82296200,,0.209,0.94,
2096,Kepler-214,b,2,15.66054400,,0.233,,
2097,Kepler-214,c,2,28.77980000,,0.190,,
2098,Kepler-215,b,4,9.36067200,,0.145,0.77,
2099,Kepler-215,c,4,14.66710800,,0.158,0.77,
2100,Kepler-215,d,4,30.86442300,,0.213,0.77,
2101,Kepler-215,e,4,68.16101000,,0.156,0.77,
2102,Kepler-216,b,2,7.69364100,,0.210,,
2103,Kepler-216,c,2,17.40666900,,0.271,,
2106,Kepler-217,d,3,3.88689525,,0.118,,
2104,Kepler-217,b,3,5.37494300,,0.199,,
2105,Kepler-217,c,3,8.58600400,,0.165,,
2107,Kepler-218,b,3,3.61933700,,0.132,,
2108,Kepler-218,c,3,44.69957600,,0.280,,
2109,Kepler-218,d,3,124.52446470,,0.237,,
2110,Kepler-219,b,3,4.58551200,,0.263,,
2111,Kepler-219,c,3,22.71461300,,0.319,,
2112,Kepler-219,d,3,47.90364500,,0.251,,
2114,Kepler-220,b,4,4.15980700,,0.072,,
2115,Kepler-220,c,4,9.03419900,,0.140,,
2116,Kepler-220,d,4,28.12239700,,0.087,,
2117,Kepler-220,e,4,45.90273300,,0.119,,
2118,Kepler-221,b,4,2.79590600,,0.153,0.72,
2119,Kepler-221,c,4,5.69058600,,0.261,0.72,
2120,Kepler-221,d,4,10.04156000,,0.244,0.72,
2121,Kepler-221,e,4,18.36991700,,0.235,0.72,
2122,Kepler-222,b,3,3.93698100,,0.282,,
2123,Kepler-222,c,3,10.08881000,,0.414,,
2124,Kepler-222,d,3,28.08191200,,0.329,,
2125,Kepler-223,b,4,7.38449000,0.02328,0.267,1.12,
2126,Kepler-223,c,4,9.84564000,0.01605,0.307,1.12,
2127,Kepler-223,d,4,14.78869000,0.02517,0.467,1.12,
2128,Kepler-223,e,4,19.72567000,0.01510,0.410,1.12,
2129,Kepler-224,b,4,3.13292400,,0.124,0.74,
2130,Kepler-224,c,4,5.92500300,,0.278,0.74,
2131,Kepler-224,d,4,11.34939300,,0.205,0.74,
2132,Kepler-224,e,4,18.64357700,,0.176,0.74,
2133,Kepler-225,b,2,6.73897500,,0.107,,
2134,Kepler-225,c,2,18.79423400,,0.164,,
2135,Kepler-226,b,3,3.94099700,,0.138,0.86,
2136,Kepler-226,c,3,5.34955500,,0.203,0.86,
2137,Kepler-226,d,3,8.10904400,,0.109,0.86,
2138,Kepler-227,b,2,9.48801500,,0.277,,
2139,Kepler-227,c,2,54.41869400,,0.271,,
2140,Kepler-228,b,3,2.56654600,,0.136,,
2141,Kepler-228,c,3,4.13444400,,0.241,,
2142,Kepler-228,d,3,11.09428600,,0.360,,
2143,Kepler-229,b,3,6.25297200,,0.196,,
2144,Kepler-229,c,3,16.06863800,,0.439,,
2145,Kepler-229,d,3,41.19491200,,0.343,,
2146,Kepler-23,b,3,7.10730000,0.80000,0.170,1.11,6.000
2147,Kepler-23,c,3,10.74210000,2.70000,0.285,1.11,6.000
2148,Kepler-23,d,3,15.27429900,,0.196,1.11,6.000
2149,Kepler-230,b,2,32.62555500,,0.380,,
2150,Kepler-230,c,2,91.77324200,,0.182,,
2151,Kepler-231,b,2,10.06527500,,0.154,0.58,
2152,Kepler-231,c,2,19.27156600,,0.172,0.58,
2153,Kepler-232,b,2,4.43122200,,0.275,,
2154,Kepler-232,c,2,11.37934900,,0.342,,
2155,Kepler-233,b,2,8.47238200,,0.217,,
2156,Kepler-233,c,2,60.41895500,,0.242,,
2157,Kepler-234,b,2,2.71150600,,0.330,,
2158,Kepler-234,c,2,7.21205000,,0.313,,
2159,Kepler-235,b,4,3.34022200,,0.199,0.59,
2160,Kepler-235,c,4,7.82490400,,0.114,0.59,
2161,Kepler-235,d,4,20.06054800,,0.183,0.59,
2162,Kepler-235,e,4,46.18366900,,0.198,0.59,
2163,Kepler-236,b,2,8.29561100,,0.140,0.56,
2164,Kepler-236,c,2,23.96812700,,0.178,0.56,
2165,Kepler-237,b,2,4.71510600,,0.126,0.70,
2166,Kepler-237,c,2,8.10363600,,0.186,0.70,
2167,Kepler-238,b,5,2.09087600,,0.154,1.06,
2168,Kepler-238,c,5,6.15555700,,0.213,1.06,
2169,Kepler-238,d,5,13.23354900,,0.274,1.06,
2170,Kepler-238,e,5,23.65400000,0.53400,0.500,1.06,
2171,Kepler-238,f,5,50.44700000,0.04200,0.178,1.06,
2172,Kepler-239,b,2,11.76305100,,0.208,0.74,
2173,Kepler-239,c,2,56.22809800,,0.224,0.74,
2176,Kepler-24,d,4,4.24438400,,0.149,1.03,7.700
2174,Kepler-24,b,4,8.14530000,1.60000,0.214,1.03,7.700
2175,Kepler-24,c,4,12.33350000,1.60000,0.250,1.03,7.700
2177,Kepler-24,e,4,18.99835500,,0.248,1.03,7.700
2178,Kepler-240,b,2,4.14449500,,0.122,,
2179,Kepler-240,c,2,7.95352800,,0.196,,
2180,Kepler-241,b,2,12.71809200,,0.208,,
2181,Kepler-241,c,2,36.06597800,,0.229,,
2182,Kepler-242,b,2,8.20395000,,0.233,,
2183,Kepler-242,c,2,14.49648100,,0.178,,
2184,Kepler-243,b,2,5.71544200,,0.219,0.89,
2185,Kepler-243,c,2,20.02621800,,0.178,0.89,
2186,Kepler-244,b,3,4.31179200,,0.246,,
2187,Kepler-244,c,3,9.76729200,,0.183,,
2188,Kepler-244,d,3,20.05040100,,0.206,,
2192,Kepler-245,e,4,3.21982106,,0.156,0.80,
2189,Kepler-245,b,4,7.49019000,,0.229,0.80,
2190,Kepler-245,c,4,17.46081200,,0.194,0.80,
2191,Kepler-245,d,4,36.27710800,,0.270,0.80,
2193,Kepler-246,b,2,4.60182000,,0.209,0.86,
2194,Kepler-246,c,2,11.18716100,,0.134,0.86,
2195,Kepler-247,b,3,3.33616000,,0.146,,
2196,Kepler-247,c,3,9.43945200,,0.365,,
2197,Kepler-247,d,3,20.47791200,,0.352,,
2198,Kepler-248,b,2,6.30820500,,0.269,,
2199,Kepler-248,c,2,16.23949400,,0.363,,
2200,Kepler-249,b,3,3.30653900,,0.097,,
2201,Kepler-249,c,3,7.11370200,,0.135,,
2202,Kepler-249,d,3,15.36845900,,0.140,,
2203,Kepler-25,b,3,6.23850000,0.03020,0.242,1.19,11.000
2204,Kepler-25,c,3,12.72040000,0.07740,0.464,1.19,11.000
2206,Kepler-250,b,3,4.14814100,,0.101,0.80,
2207,Kepler-250,c,3,7.15680400,,0.203,0.80,
2208,Kepler-250,d,3,17.64831200,,0.194,0.80,
2209,Kepler-251,b,4,4.79093600,,0.119,0.91,
2210,Kepler-251,c,4,16.51404300,,0.247,0.91,
2211,Kepler-251,d,4,30.13300100,,0.247,0.91,
2212,Kepler-251,e,4,99.64016100,,0.247,0.91,
2213,Kepler-252,b,2,6.66839100,,0.110,0.52,
2214,Kepler-252,c,2,10.84846300,,0.192,0.52,
2215,Kepler-253,b,3,3.78398600,,0.145,,
2216,Kepler-253,c,3,10.28195100,,0.236,,
2217,Kepler-253,d,3,18.11986900,,0.283,,
2218,Kepler-254,b,3,5.82666200,,0.345,,
2219,Kepler-254,c,3,12.41218300,,0.192,,
2220,Kepler-254,d,3,18.74647700,,0.223,,
2223,Kepler-255,d,3,1.04562266,,0.118,0.97,
2221,Kepler-255,b,3,5.71460600,,0.138,0.97,
2222,Kepler-255,c,3,9.94604700,,0.267,0.97,
2224,Kepler-256,b,4,1.62049300,,0.142,1.02,
2225,Kepler-256,c,4,3.38802000,,0.192,1.02,
2226,Kepler-256,d,4,5.83917200,,0.221,1.02,
2227,Kepler-256,e,4,10.68157200,,0.210,1.02,
2228,Kepler-257,b,3,2.38266700,,0.233,,
2229,Kepler-257,c,3,6.58148400,,0.483,,
2230,Kepler-257,d,3,24.66455100,,0.442,,
2231,Kepler-258,b,2,13.19722000,,0.362,0.80,
2232,Kepler-258,c,2,33.65307900,,0.322,0.80,
2233,Kepler-259,b,2,8.11531700,,0.250,,
2234,Kepler-259,c,2,36.92493100,,0.241,,
2237,Kepler-26,d,4,3.54391900,,0.095,0.54,
2235,Kepler-26,b,4,12.28000000,0.01611,0.248,0.54,
2236,Kepler-26,c,4,17.25590000,0.01951,0.243,0.54,
2238,Kepler-26,e,4,46.82791500,,0.215,0.54,
2239,Kepler-260,b,2,8.18739900,,0.179,0.88,
2240,Kepler-260,c,2,76.05017800,,0.155,0.88,
2241,Kepler-261,b,2,10.38122700,,0.194,0.87,
2242,Kepler-261,c,2,24.57085800,,0.178,0.87,
2243,Kepler-262,b,2,13.06085500,,0.121,,
2244,Kepler-262,c,2,21.85372200,,0.146,,
2245,Kepler-263,b,2,16.56808700,,0.238,,
2246,Kepler-263,c,2,47.33277300,,0.220,,
2247,Kepler-264,b,2,40.80623100,,0.297,1.32,
2248,Kepler-264,c,2,140.10126100,,0.252,1.32,
2249,Kepler-265,b,4,6.84626200,,0.166,1.03,
2250,Kepler-265,c,4,17.02893700,,0.235,1.03,
2251,Kepler-265,d,4,43.13061700,,0.222,1.03,
2252,Kepler-265,e,4,67.83102400,,0.231,1.03,
2253,Kepler-266,b,2,6.61833000,,0.221,0.99,
2254,Kepler-266,c,2,107.72360100,,0.347,0.99,
2255,Kepler-267,b,3,3.35372800,,0.177,0.56,
2256,Kepler-267,c,3,6.87745000,,0.190,0.56,
2257,Kepler-267,d,3,28.46451500,,0.203,0.56,
2258,Kepler-268,b,2,25.93413800,,0.227,,
2259,Kepler-268,c,2,83.44639300,,0.302,,
2260,Kepler-269,b,2,5.32671800,,0.220,0.98,
2261,Kepler-269,c,2,8.12789900,,0.151,0.98,
2262,Kepler-27,b,2,15.33480000,9.11000,0.357,0.65,
2263,Kepler-27,c,2,31.33090000,13.80000,0.437,0.65,
2264,Kepler-270,b,2,11.47609400,,0.179,,
2265,Kepler-270,c,2,25.26288700,,0.158,,
2268,Kepler-271,d,3,5.24972541,,0.059,,
2267,Kepler-271,c,3,7.41093500,,0.089,,
2266,Kepler-271,b,3,10.43547031,,0.079,,
2269,Kepler-272,b,3,2.97135300,,0.128,0.79,
2270,Kepler-272,c,3,6.05734200,,0.160,0.79,
2271,Kepler-272,d,3,10.93730400,,0.201,0.79,
2272,Kepler-273,b,2,2.93653200,,0.134,,
2273,Kepler-273,c,2,8.01492700,,0.177,,
2274,Kepler-274,b,2,11.63478800,,0.137,,
2275,Kepler-274,c,2,33.19786100,,0.164,,
2276,Kepler-275,b,3,10.30068200,,0.209,1.24,
2277,Kepler-275,c,3,16.08813400,,0.302,1.24,
2278,Kepler-275,d,3,35.67606200,,0.297,1.24,
2279,Kepler-276,b,3,14.12841000,,0.256,1.10,
2280,Kepler-276,c,3,31.88400000,0.05200,0.259,1.10,
2281,Kepler-276,d,3,48.64800000,0.05100,0.250,1.10,
2282,Kepler-277,b,2,17.32400000,0.27500,0.261,1.12,
2283,Kepler-277,c,2,33.00600000,0.20200,0.300,1.12,
2284,Kepler-278,b,2,30.16054600,,0.363,,
2285,Kepler-278,c,2,51.07877500,,0.320,,
2286,Kepler-279,b,3,12.30968100,,0.323,1.10,
2287,Kepler-279,c,3,35.73600000,0.15500,0.384,1.10,
2288,Kepler-279,d,3,54.41400000,0.11800,0.277,1.10,
2289,Kepler-28,b,2,5.91230000,1.51000,0.321,0.75,
2290,Kepler-28,c,2,8.98580000,1.36000,0.303,0.75,
2291,Kepler-280,b,2,2.13954200,,0.129,0.91,
2292,Kepler-280,c,2,4.80709100,,0.179,0.91,
2293,Kepler-281,b,2,14.64600800,,0.252,0.98,
2294,Kepler-281,c,2,36.33737300,,0.474,0.98,
2295,Kepler-282,b,4,9.22052400,,0.090,0.97,
2296,Kepler-282,c,4,13.63872300,,0.107,0.97,
2297,Kepler-282,d,4,24.80600000,0.19200,0.219,0.97,
2298,Kepler-282,e,4,44.34700000,0.17700,0.277,0.97,
2299,Kepler-283,b,2,11.00815100,,0.190,,
2300,Kepler-283,c,2,92.74371100,,0.162,,
2301,Kepler-284,b,2,12.69914900,,0.200,,
2302,Kepler-284,c,2,37.51445600,,0.233,,
2303,Kepler-285,b,2,2.63386700,,0.120,0.85,
2304,Kepler-285,c,2,6.18667600,,0.100,0.85,
2305,Kepler-286,b,4,1.79630200,,0.111,,
2306,Kepler-286,c,4,3.46809500,,0.122,,
2307,Kepler-286,d,4,5.91432300,,0.119,,
2308,Kepler-286,e,4,29.22128900,,0.158,,
2309,Kepler-287,b,2,20.34219900,,0.208,,
2310,Kepler-287,c,2,44.85189600,,0.291,,
2311,Kepler-288,b,3,6.09732600,,0.149,0.89,
2312,Kepler-288,c,3,19.30577200,,0.254,0.89,
2313,Kepler-288,d,3,56.63374200,,0.238,0.89,
2314,Kepler-289,b,3,34.54500000,0.02300,0.192,1.08,0.650
2316,Kepler-289,d,3,66.06340000,0.01300,0.239,1.08,0.650
2315,Kepler-289,c,3,125.85180000,0.42000,1.034,1.08,0.650
2317,Kepler-29,b,2,10.33840000,0.01419,0.299,0.98,
2318,Kepler-29,c,2,13.28840000,0.01259,0.280,0.98,
2319,Kepler-290,b,2,14.58934700,,0.201,,
2320,Kepler-290,c,2,36.77031000,,0.241,,
2321,Kepler-291,b,2,3.54651100,,0.193,1.03,
2322,Kepler-291,c,2,5.70078600,,0.168,1.03,
2323,Kepler-292,b,5,2.58082700,,0.118,0.88,
2324,Kepler-292,c,5,3.71533500,,0.131,0.88,
2325,Kepler-292,d,5,7.05567900,,0.199,0.88,
2326,Kepler-292,e,5,11.97901000,,0.238,0.88,
2327,Kepler-292,f,5,20.83423700,,0.210,0.88,
2328,Kepler-293,b,2,19.25419600,,0.274,1.01,
2329,Kepler-293,c,2,54.15574300,,0.342,1.01,
2330,Kepler-294,b,2,3.70121200,,0.158,,
2331,Kepler-294,c,2,6.62640000,,0.242,,
2332,Kepler-295,b,3,12.64516400,,0.109,,
2333,Kepler-295,c,3,21.52625800,,0.104,,
2334,Kepler-295,d,3,33.88405400,,0.121,,
2336,Kepler-296,c,5,5.84163660,,0.178,0.50,
2335,Kepler-296,b,5,10.86438400,,0.144,0.50,
2337,Kepler-296,d,5,19.85029100,,0.186,0.50,
2338,Kepler-296,e,5,34.14211000,,0.136,0.50,
2339,Kepler-296,f,5,63.33627000,,0.161,0.50,
2340,Kepler-297,b,2,38.87182600,,0.256,,
2341,Kepler-297,c,2,74.92013700,,0.583,,
2342,Kepler-298,b,3,10.47546400,,0.175,0.65,
2343,Kepler-298,c,3,22.92881000,,0.172,0.65,
2344,Kepler-298,d,3,77.47363300,,0.223,0.65,
2345,Kepler-299,b,4,2.92712800,,0.118,0.97,
2346,Kepler-299,c,4,6.88587500,,0.236,0.97,
2347,Kepler-299,d,4,15.05478600,,0.166,0.97,
2348,Kepler-299,e,4,38.28548900,,0.167,0.97,
2349,Kepler-30,b,3,29.33434000,0.03600,0.348,0.99,2.000
2350,Kepler-30,c,3,60.32310500,2.01000,1.097,0.99,2.000
2351,Kepler-30,d,3,143.34394000,0.07300,0.785,0.99,2.000
2352,Kepler-300,b,2,10.44634700,,0.149,0.94,
2353,Kepler-300,c,2,40.71495500,,0.201,0.94,
2354,Kepler-301,b,3,2.50855300,,0.120,0.91,
2355,Kepler-301,c,3,5.41902600,,0.120,0.91,
2356,Kepler-301,d,3,13.75124300,,0.156,0.91,
2357,Kepler-302,b,2,30.18410400,,0.362,,
2358,Kepler-302,c,2,127.28218400,,1.111,,
2359,Kepler-303,b,2,1.93705500,,0.079,0.59,
2360,Kepler-303,c,2,7.06114900,,0.102,0.59,
2364,Kepler-304,e,4,1.49914695,,0.107,0.80,
2361,Kepler-304,b,4,3.29570900,,0.255,0.80,
2362,Kepler-304,c,4,5.31594600,,0.194,0.80,
2363,Kepler-304,d,4,9.65347100,,0.245,0.80,
2365,Kepler-305,b,3,5.48700000,0.03300,0.321,0.76,
2366,Kepler-305,c,3,8.29100000,0.01900,0.294,0.76,
2367,Kepler-305,d,3,16.73866100,,0.242,0.76,
2368,Kepler-306,b,4,4.64618600,,0.136,0.82,
2369,Kepler-306,c,4,7.24019300,,0.210,0.82,
2370,Kepler-306,d,4,17.32664400,,0.220,0.82,
2371,Kepler-306,e,4,44.84097500,,0.203,0.82,
2372,Kepler-307,b,2,10.42080000,0.02341,0.217,0.91,
2373,Kepler-307,c,2,13.07290000,0.01145,0.196,0.91,
2374,Kepler-308,b,2,9.69492800,,0.189,,
2375,Kepler-308,c,2,15.38231000,,0.193,,
2376,Kepler-309,b,2,5.92365300,,0.139,,
2377,Kepler-309,c,2,105.35638300,,0.224,,
2378,Kepler-31,b,3,20.86130000,,0.491,1.21,
2379,Kepler-31,c,3,42.63180000,4.70000,0.473,1.21,
2380,Kepler-31,d,3,87.64510000,6.80000,0.348,1.21,
2381,Kepler-310,b,3,13.93069800,,0.106,0.85,
2382,Kepler-310,c,3,56.47542000,,0.302,0.85,
2383,Kepler-310,d,3,92.87612500,,0.220,0.85,
2384,Kepler-311,b,2,9.17609200,,0.152,1.06,
2385,Kepler-311,c,2,19.73828600,,0.128,1.06,
2386,Kepler-312,b,2,1.77241900,,0.115,1.23,
2387,Kepler-312,c,2,19.74741200,,0.281,1.23,
2388,Kepler-313,b,2,14.97041800,,0.226,0.90,
2389,Kepler-313,c,2,32.27327300,,0.229,0.90,
2390,Kepler-314,b,2,2.46106900,,0.074,1.02,
2391,Kepler-314,c,2,5.96039200,,0.259,1.02,
2392,Kepler-315,b,2,96.10114100,,0.336,0.78,
2393,Kepler-315,c,2,265.46933500,,0.370,0.78,
2394,Kepler-316,b,2,2.24050800,,0.095,0.53,
2395,Kepler-316,c,2,6.82776600,,0.103,0.53,
2396,Kepler-317,b,2,5.52424200,,0.186,0.95,
2397,Kepler-317,c,2,8.77501000,,0.153,0.95,
2398,Kepler-318,b,2,4.66271500,,0.420,1.05,
2399,Kepler-318,c,2,11.81500700,,0.328,1.05,
2400,Kepler-319,b,3,4.36270500,,0.145,1.29,
2401,Kepler-319,c,3,6.94135700,,0.235,1.29,
2402,Kepler-319,d,3,31.78192500,,0.204,1.29,
2407,Kepler-32,f,5,0.74296000,,0.073,0.58,
2406,Kepler-32,e,5,2.89600000,,0.134,0.58,
2403,Kepler-32,b,5,5.90124000,4.10000,0.196,0.58,
2404,Kepler-32,c,5,8.75220000,0.50000,0.178,0.58,
2405,Kepler-32,d,5,22.78020000,,0.241,0.58,
2408,Kepler-320,b,2,8.37155400,,0.102,,
2409,Kepler-320,c,2,17.93493700,,0.122,,
2410,Kepler-321,b,2,4.91537900,,0.158,1.01,
2411,Kepler-321,c,2,13.09392100,,0.207,1.01,
2412,Kepler-322,b,2,1.65388800,,0.090,0.91,
2413,Kepler-322,c,2,4.33723400,,0.149,0.91,
2414,Kepler-323,b,2,1.67832700,,0.128,1.09,
2415,Kepler-323,c,2,3.55382200,,0.145,1.09,
2416,Kepler-324,b,2,4.38531500,,0.102,0.86,
2417,Kepler-324,c,2,51.80561200,,0.281,0.86,
2418,Kepler-325,b,3,4.54443900,,0.260,0.87,
2419,Kepler-325,c,3,12.76217200,,0.227,0.87,
2420,Kepler-325,d,3,38.71518500,,0.249,0.87,
2421,Kepler-326,b,3,2.24832900,,0.136,0.98,
2422,Kepler-326,c,3,4.58035800,,0.125,0.98,
2423,Kepler-326,d,3,6.76688800,,0.108,0.98,
2424,Kepler-327,b,3,2.54957500,,0.099,0.55,
2425,Kepler-327,c,3,5.21233300,,0.092,0.55,
2426,Kepler-327,d,3,13.96945700,,0.154,0.55,
2427,Kepler-328,b,2,34.92100000,0.09000,0.205,1.15,
2428,Kepler-328,c,2,71.31200000,0.12400,0.482,1.15,
2429,Kepler-329,b,2,7.41639700,,0.125,0.53,
2430,Kepler-329,c,2,18.68473700,,0.172,0.53,
2431,Kepler-33,b,5,5.66793000,,0.155,1.29,4.270
2432,Kepler-33,c,5,13.17562000,,0.285,1.29,4.270
2433,Kepler-33,d,5,21.77596000,,0.477,1.29,4.270
2434,Kepler-33,e,5,31.78440000,,0.359,1.29,4.270
2435,Kepler-33,f,5,41.02902000,,0.398,1.29,4.270
2436,Kepler-330,b,2,8.25978000,,0.120,0.78,
2437,Kepler-330,c,2,15.95538700,,0.174,0.78,
2438,Kepler-331,b,3,8.45749600,,0.162,0.51,
2439,Kepler-331,c,3,17.28111000,,0.164,0.51,
2440,Kepler-331,d,3,32.13432800,,0.146,0.51,
2441,Kepler-332,b,3,7.62632400,,0.104,0.80,
2442,Kepler-332,c,3,15.99562200,,0.097,0.80,
2443,Kepler-332,d,3,34.21154000,,0.105,0.80,
2444,Kepler-333,b,2,12.55115800,,0.118,0.54,
2445,Kepler-333,c,2,24.08821000,,0.099,0.54,
2446,Kepler-334,b,3,5.47031900,,0.100,1.00,
2447,Kepler-334,c,3,12.75800500,,0.128,1.00,
2448,Kepler-334,d,3,25.09849000,,0.126,1.00,
2449,Kepler-335,b,2,6.56233100,,0.302,0.99,
2450,Kepler-335,c,2,67.84446900,,0.274,0.99,
2451,Kepler-336,b,3,2.02482300,,0.091,0.89,
2452,Kepler-336,c,3,9.60000100,,0.187,0.89,
2453,Kepler-336,d,3,20.67877200,,0.211,0.89,
2454,Kepler-337,b,2,3.29278100,,0.137,0.96,
2455,Kepler-337,c,2,9.69320100,,0.183,0.96,
2459,Kepler-338,e,4,9.34100000,0.02700,0.139,1.10,
2456,Kepler-338,b,4,13.72697600,,0.218,1.10,
2457,Kepler-338,c,4,24.31085600,,0.209,1.10,
2458,Kepler-338,d,4,44.43101400,,0.268,1.10,
2460,Kepler-339,b,3,4.97765600,,0.127,0.84,
2461,Kepler-339,c,3,6.98805500,,0.103,0.84,
2462,Kepler-339,d,3,10.55834500,,0.104,0.84,
2464,Kepler-340,b,2,14.84438700,,0.226,2.11,
2465,Kepler-340,c,2,22.82466900,,0.301,2.11,
2466,Kepler-341,b,4,5.19552800,,0.105,0.94,
2467,Kepler-341,c,4,8.01041000,,0.152,0.94,
2468,Kepler-341,d,4,27.66631300,,0.165,0.94,
2469,Kepler-341,e,4,42.47326900,,0.178,0.94,
2473,Kepler-342,e,4,1.64422461,,0.079,1.13,
2470,Kepler-342,b,4,15.17031800,,0.201,1.13,
2471,Kepler-342,c,4,26.23413800,,0.175,1.13,
2472,Kepler-342,d,4,39.45935700,,0.222,1.13,
2474,Kepler-343,b,2,8.96855000,,0.215,1.04,
2475,Kepler-343,c,2,23.22182000,,0.180,1.04,
2476,Kepler-344,b,2,21.96394500,,0.233,0.90,
2477,Kepler-344,c,2,125.59680900,,0.263,0.90,
2478,Kepler-345,b,2,7.41556300,,0.066,0.59,
2479,Kepler-345,c,2,9.38742700,,0.107,0.59,
2480,Kepler-346,b,2,6.51112700,,0.237,0.97,
2481,Kepler-346,c,2,23.85154900,,0.274,0.97,
2482,Kepler-347,b,2,12.79836000,,0.176,1.04,
2483,Kepler-347,c,2,27.32087100,,0.156,1.04,
2484,Kepler-348,b,2,7.05677000,,0.136,1.15,
2485,Kepler-348,c,2,17.26542700,,0.119,1.15,
2486,Kepler-349,b,2,5.92977800,,0.170,0.97,
2487,Kepler-349,c,2,12.24762900,,0.175,0.97,
2489,Kepler-350,b,3,11.18956200,,0.165,1.00,
2490,Kepler-350,c,3,17.84900000,0.01900,0.277,1.00,
2491,Kepler-350,d,3,26.13600000,0.04700,0.250,1.00,
2492,Kepler-351,b,3,37.05491900,,0.273,0.89,
2493,Kepler-351,c,3,57.24809000,,0.285,0.89,
2494,Kepler-351,d,3,142.54424700,,0.243,0.89,
2495,Kepler-352,b,2,10.05537000,,0.077,0.79,
2496,Kepler-352,c,2,16.33299500,,0.111,0.79,
2497,Kepler-353,b,2,5.79527800,,0.079,0.54,
2498,Kepler-353,c,2,8.41089400,,0.123,0.54,
2499,Kepler-354,b,3,5.47666000,,0.164,0.65,
2500,Kepler-354,c,3,16.93440200,,0.117,0.65,
2501,Kepler-354,d,3,24.20984200,,0.111,0.65,
2502,Kepler-355,b,2,11.03189000,,0.130,1.05,
2503,Kepler-355,c,2,25.76229400,,0.242,1.05,
2504,Kepler-356,b,2,4.61269600,,0.140,0.97,
2505,Kepler-356,c,2,13.12163200,,0.161,0.97,
2506,Kepler-357,b,3,6.47543400,,0.164,0.78,
2507,Kepler-357,c,3,16.85837000,,0.238,0.78,
2508,Kepler-357,d,3,49.49987500,,0.306,0.78,
2509,Kepler-358,b,2,34.06046700,,0.243,0.95,
2510,Kepler-358,c,2,83.48836900,,0.254,0.95,
2511,Kepler-359,b,3,25.56322200,,0.315,1.07,
2512,Kepler-359,c,3,57.68802000,,0.384,1.07,
2513,Kepler-359,d,3,77.09569100,,0.358,1.07,
2514,Kepler-36,b,2,13.83989000,0.01400,0.133,1.07,6.800
2515,Kepler-36,c,2,16.23855000,0.02500,0.328,1.07,6.800
2516,Kepler-360,b,2,3.28967200,,0.147,0.95,
2517,Kepler-360,c,2,7.18643400,,0.187,0.95,
2518,Kepler-361,b,2,8.48661600,,0.129,1.07,
2519,Kepler-361,c,2,55.18802300,,0.225,1.07,
2520,Kepler-362,b,2,10.32718600,,0.079,0.77,
2521,Kepler-362,c,2,37.86628100,,0.129,0.77,
2522,Kepler-363,b,3,3.61456800,,0.103,1.23,
2523,Kepler-363,c,3,7.54242700,,0.151,1.23,
2524,Kepler-363,d,3,11.93212500,,0.183,1.23,
2525,Kepler-364,b,2,25.74571800,,0.138,1.20,
2526,Kepler-364,c,2,59.98062700,,0.192,1.20,
2527,Kepler-365,b,2,10.66490300,,0.182,0.99,
2528,Kepler-365,c,2,17.78412900,,0.146,0.99,
2529,Kepler-366,b,2,3.28195900,,0.130,1.05,
2530,Kepler-366,c,2,12.51616000,,0.160,1.05,
2531,Kepler-367,b,2,37.81572400,,0.116,0.75,
2532,Kepler-367,c,2,53.57863700,,0.107,0.75,
2533,Kepler-368,b,2,26.84768000,,0.291,0.71,
2534,Kepler-368,c,2,72.37933400,,0.346,0.71,
2535,Kepler-369,b,2,2.73275600,,0.101,0.54,
2536,Kepler-369,c,2,14.87157200,,0.126,0.54,
2537,Kepler-37,b,4,13.36750000,0.03146,0.029,0.80,5.660
2538,Kepler-37,c,4,21.30200000,0.03776,0.067,0.80,5.660
2539,Kepler-37,d,4,39.79220000,0.03839,0.173,0.80,5.660
2541,Kepler-370,b,2,4.57953000,,0.142,0.94,
2542,Kepler-370,c,2,19.02293000,,0.170,0.94,
2543,Kepler-371,b,2,34.76327800,,0.169,0.94,
2544,Kepler-371,c,2,67.96801500,,0.159,0.94,
2545,Kepler-372,b,3,6.84969200,,0.121,1.15,
2546,Kepler-372,c,3,20.05376300,,0.186,1.15,
2547,Kepler-372,d,3,30.09256800,,0.151,1.15,
2548,Kepler-373,b,2,5.53530900,,0.121,0.87,
2549,Kepler-373,c,2,16.72594800,,0.111,0.87,
2550,Kepler-374,b,3,1.89780600,,0.092,0.84,
2551,Kepler-374,c,3,3.28280700,,0.098,0.84,
2552,Kepler-374,d,3,5.02821900,,0.117,0.84,
2553,Kepler-375,b,2,12.12593400,,0.129,0.89,
2554,Kepler-375,c,2,19.98632600,,0.236,0.89,
2555,Kepler-376,b,2,4.92019900,,0.095,1.05,
2556,Kepler-376,c,2,14.17232700,,0.160,1.05,
2557,Kepler-377,b,2,12.50952900,,0.124,0.88,
2558,Kepler-377,c,2,27.01497600,,0.184,0.88,
2559,Kepler-378,b,2,16.09236100,,0.067,0.96,
2560,Kepler-378,c,2,28.90600900,,0.062,0.96,
2561,Kepler-379,b,2,20.09838000,,0.148,1.08,
2562,Kepler-379,c,2,62.78469700,,0.204,1.08,
2564,Kepler-380,b,2,3.93082100,,0.106,1.05,
2565,Kepler-380,c,2,7.63000400,,0.113,1.05,
2566,Kepler-381,b,2,5.62902100,,0.088,1.34,
2567,Kepler-381,c,2,13.39163500,,0.100,1.34,
2568,Kepler-382,b,2,5.26215500,,0.118,0.80,
2569,Kepler-382,c,2,12.16270100,,0.142,0.80,
2570,Kepler-383,b,2,12.90453200,,0.118,0.67,
2571,Kepler-383,c,2,31.20075100,,0.111,0.67,
2572,Kepler-384,b,2,22.59705300,,0.100,0.76,
2573,Kepler-384,c,2,45.34826900,,0.101,0.76,
2574,Kepler-385,b,2,10.04368600,,0.244,1.09,
2575,Kepler-385,c,2,15.16316100,,0.271,1.09,
2576,Kepler-386,b,2,12.31043000,,0.124,0.74,
2577,Kepler-386,c,2,25.19345800,,0.141,0.74,
2578,Kepler-387,b,2,6.79163600,,0.092,1.03,
2579,Kepler-387,c,2,11.83754900,,0.079,1.03,
2580,Kepler-388,b,2,3.17331500,,0.072,0.59,
2581,Kepler-388,c,2,13.29700400,,0.077,0.59,
2582,Kepler-389,b,2,3.24410700,,0.135,0.78,
2583,Kepler-389,c,2,14.51143000,,0.130,0.78,
2585,Kepler-390,b,2,6.73808800,,0.073,0.67,
2586,Kepler-390,c,2,13.06002200,,0.070,0.67,
2587,Kepler-391,b,2,7.41675500,,0.285,1.22,
2588,Kepler-391,c,2,20.48543500,,0.316,1.22,
2589,Kepler-392,b,2,5.34185300,,0.089,1.13,
2590,Kepler-392,c,2,10.42311800,,0.098,1.13,
2591,Kepler-393,b,2,9.18241700,,0.115,1.32,
2592,Kepler-393,c,2,14.61361200,,0.119,1.32,
2593,Kepler-394,b,2,8.00501300,,0.143,1.11,
2594,Kepler-394,c,2,12.13068600,,0.148,1.11,
2595,Kepler-395,b,2,7.05434600,,0.092,0.53,
2596,Kepler-395,c,2,34.98926200,,0.118,0.53,
2597,Kepler-396,b,2,42.99400000,0.23800,0.312,0.85,
2598,Kepler-396,c,2,88.50500000,0.05600,0.473,0.85,
2599,Kepler-397,b,2,22.25094900,,0.219,,
2600,Kepler-397,c,2,135.49852700,,0.551,,
2601,Kepler-398,b,3,4.08142300,,0.083,,
2603,Kepler-398,d,3,6.83437001,,0.079,,
2602,Kepler-398,c,3,11.41941200,,0.090,,
2604,Kepler-399,b,3,14.42528100,,0.086,,
2605,Kepler-399,c,3,26.67569000,,0.128,,
2606,Kepler-399,d,3,58.03461600,,0.169,,
2609,Kepler-400,b,2,9.02438900,,0.147,,
2610,Kepler-400,c,2,17.34082400,,0.133,,
2611,Kepler-401,b,3,14.38303500,,0.153,,
2612,Kepler-401,c,3,47.31821800,,0.192,,
2613,Kepler-401,d,3,184.25640500,,0.203,,
2614,Kepler-402,b,4,4.02875100,,0.109,,
2615,Kepler-402,c,4,6.12482100,,0.139,,
2616,Kepler-402,d,4,8.92109900,,0.123,,
2617,Kepler-402,e,4,11.24286100,,0.130,,
2618,Kepler-403,b,3,7.03146200,,0.112,,
2620,Kepler-403,d,3,13.61159129,,0.127,,
2619,Kepler-403,c,3,54.28074900,,0.156,,
2621,Kepler-404,b,2,11.82985100,,0.113,,
2622,Kepler-404,c,2,14.75116600,,0.153,,
2623,Kepler-405,b,2,10.61383900,,0.186,,
2624,Kepler-405,c,2,29.72668200,,0.416,,
2625,Kepler-406,b,2,2.42629000,0.02000,0.128,1.07,5.840
2626,Kepler-406,c,2,4.62332000,0.00900,0.076,1.07,5.840
2633,Kepler-411,b,2,3.00516000,,0.168,0.83,
2634,Kepler-411,c,2,7.83442788,,0.292,0.83,
2637,Kepler-414,b,2,4.70000000,0.01100,0.153,0.89,
2638,Kepler-414,c,2,7.17100000,0.09400,0.269,0.89,
2649,Kepler-42,c,3,0.45328509,,0.065,0.13,4.500
2648,Kepler-42,b,3,1.21376720,,0.070,0.13,4.500
2650,Kepler-42,d,3,1.86516900,,0.051,0.13,4.500
2661,Kepler-430,b,2,35.96800000,,0.290,1.17,
2662,Kepler-430,c,2,110.97900000,,0.160,1.17,
2663,Kepler-431,b,3,6.80300000,,0.068,1.07,
2664,Kepler-431,c,3,8.70300000,,0.060,1.07,
2665,Kepler-431,d,3,11.92200000,,0.100,1.07,
2681,Kepler-444,b,5,3.60010530,,0.036,0.76,11.230
2682,Kepler-444,c,5,4.54588410,,0.044,0.76,11.230
2683,Kepler-444,d,5,6.18939200,,0.047,0.76,11.230
2684,Kepler-444,e,5,7.74349300,,0.049,0.76,11.230
2685,Kepler-444,f,5,9.74048600,,0.066,0.76,11.230
2686,Kepler-445,b,3,2.98415100,,0.140,0.18,
2687,Kepler-445,c,3,4.87122900,,0.220,0.18,
2688,Kepler-445,d,3,8.15275000,,0.110,0.18,
2689,Kepler-446,b,3,1.56540900,,0.130,0.22,
2690,Kepler-446,c,3,3.03617900,,0.100,0.22,
2691,Kepler-446,d,3,5.14892100,,0.120,0.22,
2693,Kepler-449,b,2,12.58242000,,0.183,0.97,
2694,Kepler-449,c,2,33.67270000,,0.247,0.97,
2698,Kepler-450,d,3,7.51464000,,0.075,1.35,
2697,Kepler-450,c,3,15.41313500,,0.234,1.35,
2696,Kepler-450,b,3,28.45485100,,0.548,1.35,
2706,Kepler-46,d,3,6.76658900,,0.146,0.90,9.700
2704,Kepler-46,b,3,33.60134000,6.00000,0.808,0.90,9.700
2717,Kepler-47,b,2,49.53200000,2.00000,0.270,1.05,
2718,Kepler-47,c,2,303.13700000,28.00000,0.411,1.05,
2729,Kepler-48,b,4,4.77800000,0.01240,0.168,0.88,3.140
2730,Kepler-48,c,4,9.67395000,0.04597,0.242,0.88,3.140
2731,Kepler-48,d,4,42.89610000,0.02500,0.182,0.88,3.140
2740,Kepler-487,b,2,15.35876840,,1.019,0.91,5.620
2741,Kepler-487,c,2,38.65199760,,0.239,0.91,5.620
2746,Kepler-49,d,4,2.57654900,,0.143,0.55,
2744,Kepler-49,b,4,7.20379450,0.98000,0.243,0.55,
2745,Kepler-49,c,4,10.91293430,0.72000,0.227,0.55,
2747,Kepler-49,e,4,18.59610800,,0.139,0.55,
2759,Kepler-50,b,2,7.81254000,,0.153,1.24,3.800
2760,Kepler-50,c,2,9.37647000,,0.194,1.24,3.800
2771,Kepler-51,b,3,45.15400000,0.00700,0.633,1.04,0.300
2772,Kepler-51,c,3,85.31200000,0.01300,0.803,1.04,0.300
2773,Kepler-51,d,3,130.19400000,0.02400,0.865,1.04,0.300
2784,Kepler-52,b,3,7.87735650,8.70000,0.187,0.54,
2785,Kepler-52,c,3,16.38500210,10.41000,0.164,0.54,
2786,Kepler-52,d,3,36.44517100,,0.174,0.54,
2788,Kepler-520,c,2,5.21104261,,0.095,1.10,2.040
2787,Kepler-520,b,2,19.67416124,,0.148,1.10,2.040
2793,Kepler-524,c,2,1.88897906,,0.086,1.09,3.020
2792,Kepler-524,b,2,7.97419807,,0.170,1.09,3.020
2802,Kepler-53,d,3,9.75196200,,0.189,0.98,
2800,Kepler-53,b,3,18.64895250,18.41000,0.258,0.98,
2801,Kepler-53,c,3,38.55830380,15.74000,0.283,0.98,
2814,Kepler-54,b,3,8.01094340,0.92000,0.187,0.51,
2815,Kepler-54,c,3,12.07172490,0.37000,0.110,0.51,
2816,Kepler-54,d,3,20.99569400,,0.136,0.51,
2826,Kepler-549,b,2,42.94956490,,0.229,0.88,4.570
2827,Kepler-549,c,2,117.04049800,,0.261,0.88,4.570
2830,Kepler-55,d,5,2.21109900,,0.142,0.62,
2831,Kepler-55,e,5,4.61753400,,0.138,0.62,
2832,Kepler-55,f,5,10.19854500,,0.142,0.62,
2828,Kepler-55,b,5,27.94814490,1.49000,0.217,0.62,
2829,Kepler-55,c,5,42.15164180,1.11000,0.197,0.62,
2836,Kepler-553,b,2,4.03046804,,0.413,0.92,2.880
2837,Kepler-553,c,2,328.23995460,,0.999,0.92,2.880
2844,Kepler-56,b,3,10.50160000,0.07000,0.581,1.32,3.500
2845,Kepler-56,c,3,21.40239000,0.57000,0.874,1.32,3.500
2849,Kepler-561,c,2,5.35016198,,0.239,0.96,4.270
2848,Kepler-561,b,2,58.36204950,,0.621,0.96,4.270
2858,Kepler-57,b,2,5.72931960,18.86000,0.195,0.83,
2859,Kepler-57,c,2,11.60925670,6.95000,0.138,0.83,
2870,Kepler-58,b,3,10.21849540,1.39000,0.248,0.95,
2871,Kepler-58,c,3,15.57415680,2.19000,0.255,0.95,
2872,Kepler-58,d,3,40.10137100,,0.262,0.95,
2883,Kepler-59,b,2,11.86817070,2.05000,0.098,1.04,
2884,Kepler-59,c,2,17.98012350,1.37000,0.177,1.04,
2896,Kepler-60,b,3,7.13340000,0.01318,0.153,1.04,
2897,Kepler-60,c,3,8.91870000,0.01211,0.170,1.04,
2898,Kepler-60,d,3,11.89810000,0.01309,0.178,1.04,
2904,Kepler-603,d,3,6.21712920,,0.118,1.01,4.370
2902,Kepler-603,b,3,21.05358596,,0.236,1.01,4.370
2903,Kepler-603,c,3,127.90757740,,0.580,1.01,4.370
2907,Kepler-605,c,2,2.35895152,,0.077,0.91,4.470
2906,Kepler-605,b,2,3.38353807,,0.128,0.91,4.470
2913,Kepler-610,b,2,6.99692655,,0.374,1.10,3.550
2914,Kepler-610,c,2,151.86392000,,0.294,1.10,3.550
2920,Kepler-616,b,2,9.99761851,,0.217,0.98,3.890
2921,Kepler-616,c,2,90.41135560,,0.304,0.98,3.890
2925,Kepler-619,c,2,1.20846503,,0.151,1.09,3.470
2924,Kepler-619,b,2,5.40427220,,0.282,1.09,3.470
2926,Kepler-62,b,5,5.71493200,0.03000,0.117,0.69,7.000
2927,Kepler-62,c,5,12.44170000,0.01300,0.048,0.69,7.000
2928,Kepler-62,d,5,18.16406000,0.04400,0.174,0.69,7.000
2929,Kepler-62,e,5,122.38740000,0.11300,0.144,0.69,7.000
2930,Kepler-62,f,5,267.29100000,0.11000,0.126,0.69,7.000
2963,Kepler-65,b,3,2.15491000,,0.127,1.25,2.900
2964,Kepler-65,c,3,5.85994400,,0.230,1.25,2.900
2965,Kepler-65,d,3,8.13123000,,0.136,1.25,2.900
2970,Kepler-653,c,2,0.90037648,,0.070,1.02,7.760
2969,Kepler-653,b,2,14.70748976,,0.174,1.02,7.760
2999,Kepler-68,b,3,5.39875000,0.01878,0.208,1.08,6.300
3000,Kepler-68,c,3,9.60504000,0.02265,0.089,1.08,6.300
3012,Kepler-69,b,2,13.72234100,,0.200,0.81,
3013,Kepler-69,c,2,242.46130000,,0.153,0.81,
3037,Kepler-712,b,2,21.02247699,,0.304,0.84,3.310
3038,Kepler-712,c,2,226.89047000,,0.433,0.84,3.310
3048,Kepler-722,b,2,4.09357325,,0.235,1.03,4.370
3049,Kepler-722,c,2,105.14474900,,0.252,1.03,4.370
3060,Kepler-732,c,2,0.89304124,,0.113,0.49,4.470
3059,Kepler-732,b,2,9.46781405,,0.194,0.49,4.470
3081,Kepler-750,c,2,4.08899022,,0.145,1.15,3.090
3080,Kepler-750,b,2,9.42887179,,0.274,1.15,3.090
3091,Kepler-758,c,4,4.75793986,,0.151,1.16,3.800
3093,Kepler-758,e,4,8.19347190,,0.136,1.16,3.800
3090,Kepler-758,b,4,12.10971040,,0.221,1.16,3.800
3092,Kepler-758,d,4,20.49661970,,0.189,1.16,3.800
3097,Kepler-760,c,2,2.46697439,,0.132,0.89,4.570
3096,Kepler-760,b,2,8.70419416,,0.273,0.89,4.570
3106,Kepler-769,b,2,7.42608998,,0.261,1.19,2.880
3107,Kepler-769,c,2,15.98701740,,0.160,1.19,2.880
3110,Kepler-770,c,3,1.47532231,,0.107,0.94,4.570
3111,Kepler-770,d,3,4.15244722,,0.125,0.94,4.570
3109,Kepler-770,b,3,18.92540274,,0.205,0.94,4.570
3132,Kepler-79,b,4,13.48450000,0.03430,0.310,1.17,3.440
3133,Kepler-79,c,4,27.40290000,0.01900,0.332,1.17,3.440
3134,Kepler-79,d,4,52.09020000,0.01900,0.639,1.17,3.440
3135,Kepler-79,e,4,81.06590000,0.01300,0.311,1.17,3.440
3151,Kepler-80,f,6,0.98678730,,0.108,0.73,2.000
3149,Kepler-80,d,6,3.07222000,0.02124,0.136,0.73,2.000
3150,Kepler-80,e,6,4.64489000,0.01299,0.143,0.73,2.000
3147,Kepler-80,b,6,7.05246000,0.02180,0.238,0.73,2.000
3148,Kepler-80,c,6,9.52355000,0.02121,0.244,0.73,2.000
3152,Kepler-80,g,6,14.64558000,,0.101,0.73,2.000
3164,Kepler-81,b,3,5.95500000,,0.216,0.64,
3165,Kepler-81,c,3,12.04000000,,0.211,0.64,
3166,Kepler-81,d,3,20.83784600,,0.108,0.64,
3179,Kepler-82,d,4,2.38296100,,0.158,0.85,
3180,Kepler-82,e,4,5.90220600,,0.220,0.85,
3177,Kepler-82,b,4,26.44400000,,0.357,0.85,
3178,Kepler-82,c,4,51.53800000,,0.477,0.85,
3186,Kepler-825,b,2,3.77360059,,0.136,1.03,3.550
3187,Kepler-825,c,2,8.18182460,,0.164,1.03,3.550
3194,Kepler-83,d,3,5.16979600,,0.173,0.66,
3192,Kepler-83,b,3,9.77000000,,0.252,0.66,
3193,Kepler-83,c,3,20.09000000,,0.211,0.66,
3207,Kepler-84,d,5,4.22453700,,0.123,1.00,
3205,Kepler-84,b,5,8.72600000,,0.199,1.00,
3206,Kepler-84,c,5,12.88300000,,0.211,1.00,
3208,Kepler-84,e,5,27.43438900,,0.232,1.00,
3209,Kepler-84,f,5,44.55216900,,0.196,1.00,
3220,Kepler-85,b,4,8.30600000,,0.176,0.92,
3221,Kepler-85,c,4,12.51300000,,0.194,0.92,
3222,Kepler-85,d,4,17.91323000,,0.107,0.92,
3223,Kepler-85,e,4,25.21675100,,0.113,0.92,
3244,Kepler-87,b,2,114.73635000,1.02000,1.204,1.10,7.500
3245,Kepler-87,c,2,191.23180000,0.02000,0.548,1.10,7.500
3264,Kepler-887,c,2,7.63846023,,0.101,1.19,3.090
3263,Kepler-887,b,2,20.42228798,,0.164,1.19,3.090
3279,Kepler-9,d,3,1.59285100,,0.146,1.07,1.000
3277,Kepler-9,b,3,19.24000000,0.25200,0.842,1.07,1.000
3278,Kepler-9,c,3,38.91000000,0.17100,0.823,1.07,1.000
3302,Kepler-92,b,3,13.74900000,0.20200,0.313,1.21,
3303,Kepler-92,c,3,26.72300000,0.01900,0.232,1.21,
3304,Kepler-92,d,3,49.35680000,,0.184,1.21,
3305,Kepler-920,b,2,6.53192704,,0.216,0.89,4.370
3306,Kepler-920,c,2,100.82741130,,0.339,0.89,4.370
3325,Kepler-937,b,2,67.66882700,,0.332,1.15,3.240
3326,Kepler-937,c,2,153.34336400,,0.238,1.15,3.240
3361,Kepler-967,b,2,13.22713379,,0.210,0.84,5.890
3362,Kepler-967,c,2,198.71125020,,0.326,0.84,5.890
3363,Kepler-968,b,2,3.69298373,,0.178,0.76,2.140
3364,Kepler-968,c,2,5.70940492,,0.151,0.76,2.140
3366,Kepler-969,c,2,1.68293460,,0.088,0.92,1.510
3365,Kepler-969,b,2,34.17317140,,0.185,0.92,1.510
3392,Kepler-990,c,2,0.53835431,,0.136,1.05,3.550
3391,Kepler-990,b,2,9.91723428,,0.232,1.05,3.550
3511,TRAPPIST-1,b,7,1.51087081,0.00267,0.097,0.08,
3512,TRAPPIST-1,c,7,2.42182330,0.00434,0.094,0.08,
3513,TRAPPIST-1,d,7,4.04961000,0.00129,0.069,0.08,
3514,TRAPPIST-1,e,7,6.09961500,0.00195,0.082,0.08,
3515,TRAPPIST-1,f,7,9.20669000,0.00214,0.093,0.08,
3516,TRAPPIST-1,g,7,12.35294000,0.00422,0.101,0.08,
3517,TRAPPIST-1,h,7,18.76700000,,0.067,0.08,
3612,WASP-47,e,4,0.78963600,0.02863,0.162,1.11,6.500
3609,WASP-47,b,4,4.16071000,1.21000,1.150,1.11,6.500
3611,WASP-47,d,4,9.09500000,0.05286,0.331,1.11,6.500
